N,omega,file,file_mtime,file_chosen_reason,alignments.bf_keys,alignments.present_keys_total,alignments.rho_keys,diagnostics.checkpoint_search.basis_dims.n_occ,diagnostics.checkpoint_search.basis_dims.nx,diagnostics.checkpoint_search.basis_dims.ny,diagnostics.checkpoint_search.bf_candidates,diagnostics.checkpoint_search.case_dir,diagnostics.checkpoint_search.f_net_candidates,diagnostics.checkpoint_search.models_root,diagnostics.checkpoint_search.notes,diagnostics.checkpoint_search.w_folder,error,meta.N,meta.basis_dims.n_occ,meta.basis_dims.nx,meta.basis_dims.ny,meta.cfg.B,meta.cfg.burn_in,meta.cfg.hook_chunk,meta.cfg.init_sigma_max,meta.cfg.max_edge_instances,meta.cfg.max_global_instances,meta.cfg.max_modules_per_model,meta.cfg.max_node_instances,meta.cfg.mcmc_chunk,meta.cfg.mcmc_steps,meta.cfg.proposal_sigma_max,meta.cfg.proposal_sigma_min,meta.cfg.proposal_sigma_scale,meta.cfg.sv_topk,meta.cfg.torch_device,meta.cfg.torch_dtype,meta.cfg.var_capture_levels,meta.created_unix,meta.omega,meta.torch_device,meta.torch_dtype,meta.variant,ok,paths.bf_ckpt,paths.case_dir,paths.f_net_ckpt,repgeom.edge_space.f_net.psi.0.d,repgeom.edge_space.f_net.psi.0.dim_var_0.50,repgeom.edge_space.f_net.psi.0.dim_var_0.80,repgeom.edge_space.f_net.psi.0.dim_var_0.95,repgeom.edge_space.f_net.psi.0.eff_dim_pr,repgeom.edge_space.f_net.psi.0.eig_top8,repgeom.edge_space.f_net.psi.0.mean_norm,repgeom.edge_space.f_net.psi.0.n,repgeom.edge_space.f_net.psi.0.phys_corr_pc1,repgeom.edge_space.f_net.psi.0.phys_corr_rep_norm,repgeom.edge_space.f_net.psi.0.sv_top,repgeom.edge_space.f_net.psi.0.var_trace,repgeom.edge_space.f_net.psi.2.d,repgeom.edge_space.f_net.psi.2.dim_var_0.50,repgeom.edge_space.f_net.psi.2.dim_var_0.80,repgeom.edge_space.f_net.psi.2.dim_var_0.95,repgeom.edge_space.f_net.psi.2.eff_dim_pr,repgeom.edge_space.f_net.psi.2.eig_top8,repgeom.edge_space.f_net.psi.2.mean_norm,repgeom.edge_space.f_net.psi.2.n,repgeom.edge_space.f_net.psi.2.phys_corr_pc1,repgeom.edge_space.f_net.psi.2.phys_corr_rep_norm,repgeom.edge_space.f_net.psi.2.sv_top,repgeom.edge_space.f_net.psi.2.var_trace,repgeom.edge_space.f_net.psi.4.d,repgeom.edge_space.f_net.psi.4.dim_var_0.50,repgeom.edge_space.f_net.psi.4.dim_var_0.80,repgeom.edge_space.f_net.psi.4.dim_var_0.95,repgeom.edge_space.f_net.psi.4.eff_dim_pr,repgeom.edge_space.f_net.psi.4.eig_top8,repgeom.edge_space.f_net.psi.4.mean_norm,repgeom.edge_space.f_net.psi.4.n,repgeom.edge_space.f_net.psi.4.phys_corr_pc1,repgeom.edge_space.f_net.psi.4.phys_corr_rep_norm,repgeom.edge_space.f_net.psi.4.sv_top,repgeom.edge_space.f_net.psi.4.var_trace,repgeom.edge_space.f_net.psi.d,repgeom.edge_space.f_net.psi.dim_var_0.50,repgeom.edge_space.f_net.psi.dim_var_0.80,repgeom.edge_space.f_net.psi.dim_var_0.95,repgeom.edge_space.f_net.psi.eff_dim_pr,repgeom.edge_space.f_net.psi.eig_top8,repgeom.edge_space.f_net.psi.mean_norm,repgeom.edge_space.f_net.psi.n,repgeom.edge_space.f_net.psi.phys_corr_pc1,repgeom.edge_space.f_net.psi.phys_corr_rep_norm,repgeom.edge_space.f_net.psi.sv_top,repgeom.edge_space.f_net.psi.var_trace,repgeom.global_space.bf.edge_embed.0.d,repgeom.global_space.bf.edge_embed.0.dim_var_0.50,repgeom.global_space.bf.edge_embed.0.dim_var_0.80,repgeom.global_space.bf.edge_embed.0.dim_var_0.95,repgeom.global_space.bf.edge_embed.0.eff_dim_pr,repgeom.global_space.bf.edge_embed.0.eig_top8,repgeom.global_space.bf.edge_embed.0.mean_norm,repgeom.global_space.bf.edge_embed.0.n,repgeom.global_space.bf.edge_embed.0.phys_corr_pc1,repgeom.global_space.bf.edge_embed.0.phys_corr_rep_norm,repgeom.global_space.bf.edge_embed.0.sv_top,repgeom.global_space.bf.edge_embed.0.var_trace,repgeom.global_space.bf.edge_embed.2.d,repgeom.global_space.bf.edge_embed.2.dim_var_0.50,repgeom.global_space.bf.edge_embed.2.dim_var_0.80,repgeom.global_space.bf.edge_embed.2.dim_var_0.95,repgeom.global_space.bf.edge_embed.2.eff_dim_pr,repgeom.global_space.bf.edge_embed.2.eig_top8,repgeom.global_space.bf.edge_embed.2.mean_norm,repgeom.global_space.bf.edge_embed.2.n,repgeom.global_space.bf.edge_embed.2.phys_corr_pc1,repgeom.global_space.bf.edge_embed.2.phys_corr_rep_norm,repgeom.global_space.bf.edge_embed.2.sv_top,repgeom.global_space.bf.edge_embed.2.var_trace,repgeom.global_space.bf.edge_embed.d,repgeom.global_space.bf.edge_embed.dim_var_0.50,repgeom.global_space.bf.edge_embed.dim_var_0.80,repgeom.global_space.bf.edge_embed.dim_var_0.95,repgeom.global_space.bf.edge_embed.eff_dim_pr,repgeom.global_space.bf.edge_embed.eig_top8,repgeom.global_space.bf.edge_embed.mean_norm,repgeom.global_space.bf.edge_embed.n,repgeom.global_space.bf.edge_embed.phys_corr_pc1,repgeom.global_space.bf.edge_embed.phys_corr_rep_norm,repgeom.global_space.bf.edge_embed.sv_top,repgeom.global_space.bf.edge_embed.var_trace,repgeom.global_space.bf.edge_update.0.d,repgeom.global_space.bf.edge_update.0.dim_var_0.50,repgeom.global_space.bf.edge_update.0.dim_var_0.80,repgeom.global_space.bf.edge_update.0.dim_var_0.95,repgeom.global_space.bf.edge_update.0.eff_dim_pr,repgeom.global_space.bf.edge_update.0.eig_top8,repgeom.global_space.bf.edge_update.0.mean_norm,repgeom.global_space.bf.edge_update.0.n,repgeom.global_space.bf.edge_update.0.phys_corr_pc1,repgeom.global_space.bf.edge_update.0.phys_corr_rep_norm,repgeom.global_space.bf.edge_update.0.sv_top,repgeom.global_space.bf.edge_update.0.var_trace,repgeom.global_space.bf.edge_update.2.d,repgeom.global_space.bf.edge_update.2.dim_var_0.50,repgeom.global_space.bf.edge_update.2.dim_var_0.80,repgeom.global_space.bf.edge_update.2.dim_var_0.95,repgeom.global_space.bf.edge_update.2.eff_dim_pr,repgeom.global_space.bf.edge_update.2.eig_top8,repgeom.global_space.bf.edge_update.2.mean_norm,repgeom.global_space.bf.edge_update.2.n,repgeom.global_space.bf.edge_update.2.phys_corr_pc1,repgeom.global_space.bf.edge_update.2.phys_corr_rep_norm,repgeom.global_space.bf.edge_update.2.sv_top,repgeom.global_space.bf.edge_update.2.var_trace,repgeom.global_space.bf.edge_update.d,repgeom.global_space.bf.edge_update.dim_var_0.50,repgeom.global_space.bf.edge_update.dim_var_0.80,repgeom.global_space.bf.edge_update.dim_var_0.95,repgeom.global_space.bf.edge_update.eff_dim_pr,repgeom.global_space.bf.edge_update.eig_top8,repgeom.global_space.bf.edge_update.mean_norm,repgeom.global_space.bf.edge_update.n,repgeom.global_space.bf.edge_update.phys_corr_pc1,repgeom.global_space.bf.edge_update.phys_corr_rep_norm,repgeom.global_space.bf.edge_update.sv_top,repgeom.global_space.bf.edge_update.var_trace,repgeom.global_space.bf.rho_e_to_v.d,repgeom.global_space.bf.rho_e_to_v.dim_var_0.50,repgeom.global_space.bf.rho_e_to_v.dim_var_0.80,repgeom.global_space.bf.rho_e_to_v.dim_var_0.95,repgeom.global_space.bf.rho_e_to_v.eff_dim_pr,repgeom.global_space.bf.rho_e_to_v.eig_top8,repgeom.global_space.bf.rho_e_to_v.mean_norm,repgeom.global_space.bf.rho_e_to_v.n,repgeom.global_space.bf.rho_e_to_v.phys_corr_pc1,repgeom.global_space.bf.rho_e_to_v.phys_corr_rep_norm,repgeom.global_space.bf.rho_e_to_v.sv_top,repgeom.global_space.bf.rho_e_to_v.var_trace,repgeom.global_space.bf.rho_v_to_e.d,repgeom.global_space.bf.rho_v_to_e.dim_var_0.50,repgeom.global_space.bf.rho_v_to_e.dim_var_0.80,repgeom.global_space.bf.rho_v_to_e.dim_var_0.95,repgeom.global_space.bf.rho_v_to_e.eff_dim_pr,repgeom.global_space.bf.rho_v_to_e.eig_top8,repgeom.global_space.bf.rho_v_to_e.mean_norm,repgeom.global_space.bf.rho_v_to_e.n,repgeom.global_space.bf.rho_v_to_e.phys_corr_pc1,repgeom.global_space.bf.rho_v_to_e.phys_corr_rep_norm,repgeom.global_space.bf.rho_v_to_e.sv_top,repgeom.global_space.bf.rho_v_to_e.var_trace,repgeom.global_space.f_net.__out__.d,repgeom.global_space.f_net.__out__.dim_var_0.50,repgeom.global_space.f_net.__out__.dim_var_0.80,repgeom.global_space.f_net.__out__.dim_var_0.95,repgeom.global_space.f_net.__out__.eff_dim_pr,repgeom.global_space.f_net.__out__.eig_top8,repgeom.global_space.f_net.__out__.mean_norm,repgeom.global_space.f_net.__out__.n,repgeom.global_space.f_net.__out__.phys_corr_pc1,repgeom.global_space.f_net.__out__.phys_corr_rep_norm,repgeom.global_space.f_net.__out__.sv_top,repgeom.global_space.f_net.__out__.var_trace,repgeom.global_space.f_net.rho.0.d,repgeom.global_space.f_net.rho.0.dim_var_0.50,repgeom.global_space.f_net.rho.0.dim_var_0.80,repgeom.global_space.f_net.rho.0.dim_var_0.95,repgeom.global_space.f_net.rho.0.eff_dim_pr,repgeom.global_space.f_net.rho.0.eig_top8,repgeom.global_space.f_net.rho.0.mean_norm,repgeom.global_space.f_net.rho.0.n,repgeom.global_space.f_net.rho.0.phys_corr_pc1,repgeom.global_space.f_net.rho.0.phys_corr_rep_norm,repgeom.global_space.f_net.rho.0.sv_top,repgeom.global_space.f_net.rho.0.var_trace,repgeom.global_space.f_net.rho.2.d,repgeom.global_space.f_net.rho.2.dim_var_0.50,repgeom.global_space.f_net.rho.2.dim_var_0.80,repgeom.global_space.f_net.rho.2.dim_var_0.95,repgeom.global_space.f_net.rho.2.eff_dim_pr,repgeom.global_space.f_net.rho.2.eig_top8,repgeom.global_space.f_net.rho.2.mean_norm,repgeom.global_space.f_net.rho.2.n,repgeom.global_space.f_net.rho.2.phys_corr_pc1,repgeom.global_space.f_net.rho.2.phys_corr_rep_norm,repgeom.global_space.f_net.rho.2.sv_top,repgeom.global_space.f_net.rho.2.var_trace,repgeom.global_space.f_net.rho.4.d,repgeom.global_space.f_net.rho.4.dim_var_0.50,repgeom.global_space.f_net.rho.4.dim_var_0.80,repgeom.global_space.f_net.rho.4.dim_var_0.95,repgeom.global_space.f_net.rho.4.eff_dim_pr,repgeom.global_space.f_net.rho.4.eig_top8,repgeom.global_space.f_net.rho.4.mean_norm,repgeom.global_space.f_net.rho.4.n,repgeom.global_space.f_net.rho.4.phys_corr_pc1,repgeom.global_space.f_net.rho.4.phys_corr_rep_norm,repgeom.global_space.f_net.rho.4.sv_top,repgeom.global_space.f_net.rho.4.var_trace,repgeom.global_space.f_net.rho.d,repgeom.global_space.f_net.rho.dim_var_0.50,repgeom.global_space.f_net.rho.dim_var_0.80,repgeom.global_space.f_net.rho.dim_var_0.95,repgeom.global_space.f_net.rho.eff_dim_pr,repgeom.global_space.f_net.rho.eig_top8,repgeom.global_space.f_net.rho.mean_norm,repgeom.global_space.f_net.rho.n,repgeom.global_space.f_net.rho.phys_corr_pc1,repgeom.global_space.f_net.rho.phys_corr_rep_norm,repgeom.global_space.f_net.rho.sv_top,repgeom.global_space.f_net.rho.var_trace,repgeom.node_space.bf.__out__.d,repgeom.node_space.bf.__out__.dim_var_0.50,repgeom.node_space.bf.__out__.dim_var_0.80,repgeom.node_space.bf.__out__.dim_var_0.95,repgeom.node_space.bf.__out__.eff_dim_pr,repgeom.node_space.bf.__out__.eig_top8,repgeom.node_space.bf.__out__.mean_norm,repgeom.node_space.bf.__out__.n,repgeom.node_space.bf.__out__.phys_corr_pc1,repgeom.node_space.bf.__out__.phys_corr_rep_norm,repgeom.node_space.bf.__out__.sv_top,repgeom.node_space.bf.__out__.var_trace,repgeom.node_space.bf.node_embed.d,repgeom.node_space.bf.node_embed.dim_var_0.50,repgeom.node_space.bf.node_embed.dim_var_0.80,repgeom.node_space.bf.node_embed.dim_var_0.95,repgeom.node_space.bf.node_embed.eff_dim_pr,repgeom.node_space.bf.node_embed.eig_top8,repgeom.node_space.bf.node_embed.mean_norm,repgeom.node_space.bf.node_embed.n,repgeom.node_space.bf.node_embed.phys_corr_pc1,repgeom.node_space.bf.node_embed.phys_corr_rep_norm,repgeom.node_space.bf.node_embed.sv_top,repgeom.node_space.bf.node_embed.var_trace,repgeom.node_space.bf.node_update.0.d,repgeom.node_space.bf.node_update.0.dim_var_0.50,repgeom.node_space.bf.node_update.0.dim_var_0.80,repgeom.node_space.bf.node_update.0.dim_var_0.95,repgeom.node_space.bf.node_update.0.eff_dim_pr,repgeom.node_space.bf.node_update.0.eig_top8,repgeom.node_space.bf.node_update.0.mean_norm,repgeom.node_space.bf.node_update.0.n,repgeom.node_space.bf.node_update.0.phys_corr_pc1,repgeom.node_space.bf.node_update.0.phys_corr_rep_norm,repgeom.node_space.bf.node_update.0.sv_top,repgeom.node_space.bf.node_update.0.var_trace,repgeom.node_space.bf.node_update.2.d,repgeom.node_space.bf.node_update.2.dim_var_0.50,repgeom.node_space.bf.node_update.2.dim_var_0.80,repgeom.node_space.bf.node_update.2.dim_var_0.95,repgeom.node_space.bf.node_update.2.eff_dim_pr,repgeom.node_space.bf.node_update.2.eig_top8,repgeom.node_space.bf.node_update.2.mean_norm,repgeom.node_space.bf.node_update.2.n,repgeom.node_space.bf.node_update.2.phys_corr_pc1,repgeom.node_space.bf.node_update.2.phys_corr_rep_norm,repgeom.node_space.bf.node_update.2.sv_top,repgeom.node_space.bf.node_update.2.var_trace,repgeom.node_space.bf.node_update.4.d,repgeom.node_space.bf.node_update.4.dim_var_0.50,repgeom.node_space.bf.node_update.4.dim_var_0.80,repgeom.node_space.bf.node_update.4.dim_var_0.95,repgeom.node_space.bf.node_update.4.eff_dim_pr,repgeom.node_space.bf.node_update.4.eig_top8,repgeom.node_space.bf.node_update.4.mean_norm,repgeom.node_space.bf.node_update.4.n,repgeom.node_space.bf.node_update.4.phys_corr_pc1,repgeom.node_space.bf.node_update.4.phys_corr_rep_norm,repgeom.node_space.bf.node_update.4.sv_top,repgeom.node_space.bf.node_update.4.var_trace,repgeom.node_space.bf.node_update.d,repgeom.node_space.bf.node_update.dim_var_0.50,repgeom.node_space.bf.node_update.dim_var_0.80,repgeom.node_space.bf.node_update.dim_var_0.95,repgeom.node_space.bf.node_update.eff_dim_pr,repgeom.node_space.bf.node_update.eig_top8,repgeom.node_space.bf.node_update.mean_norm,repgeom.node_space.bf.node_update.n,repgeom.node_space.bf.node_update.phys_corr_pc1,repgeom.node_space.bf.node_update.phys_corr_rep_norm,repgeom.node_space.bf.node_update.sv_top,repgeom.node_space.bf.node_update.var_trace,repgeom.node_space.f_net.phi.0.d,repgeom.node_space.f_net.phi.0.dim_var_0.50,repgeom.node_space.f_net.phi.0.dim_var_0.80,repgeom.node_space.f_net.phi.0.dim_var_0.95,repgeom.node_space.f_net.phi.0.eff_dim_pr,repgeom.node_space.f_net.phi.0.eig_top8,repgeom.node_space.f_net.phi.0.mean_norm,repgeom.node_space.f_net.phi.0.n,repgeom.node_space.f_net.phi.0.phys_corr_pc1,repgeom.node_space.f_net.phi.0.phys_corr_rep_norm,repgeom.node_space.f_net.phi.0.sv_top,repgeom.node_space.f_net.phi.0.var_trace,repgeom.node_space.f_net.phi.2.d,repgeom.node_space.f_net.phi.2.dim_var_0.50,repgeom.node_space.f_net.phi.2.dim_var_0.80,repgeom.node_space.f_net.phi.2.dim_var_0.95,repgeom.node_space.f_net.phi.2.eff_dim_pr,repgeom.node_space.f_net.phi.2.eig_top8,repgeom.node_space.f_net.phi.2.mean_norm,repgeom.node_space.f_net.phi.2.n,repgeom.node_space.f_net.phi.2.phys_corr_pc1,repgeom.node_space.f_net.phi.2.phys_corr_rep_norm,repgeom.node_space.f_net.phi.2.sv_top,repgeom.node_space.f_net.phi.2.var_trace,repgeom.node_space.f_net.phi.4.d,repgeom.node_space.f_net.phi.4.dim_var_0.50,repgeom.node_space.f_net.phi.4.dim_var_0.80,repgeom.node_space.f_net.phi.4.dim_var_0.95,repgeom.node_space.f_net.phi.4.eff_dim_pr,repgeom.node_space.f_net.phi.4.eig_top8,repgeom.node_space.f_net.phi.4.mean_norm,repgeom.node_space.f_net.phi.4.n,repgeom.node_space.f_net.phi.4.phys_corr_pc1,repgeom.node_space.f_net.phi.4.phys_corr_rep_norm,repgeom.node_space.f_net.phi.4.sv_top,repgeom.node_space.f_net.phi.4.var_trace,repgeom.node_space.f_net.phi.d,repgeom.node_space.f_net.phi.dim_var_0.50,repgeom.node_space.f_net.phi.dim_var_0.80,repgeom.node_space.f_net.phi.dim_var_0.95,repgeom.node_space.f_net.phi.eff_dim_pr,repgeom.node_space.f_net.phi.eig_top8,repgeom.node_space.f_net.phi.mean_norm,repgeom.node_space.f_net.phi.n,repgeom.node_space.f_net.phi.phys_corr_pc1,repgeom.node_space.f_net.phi.phys_corr_rep_norm,repgeom.node_space.f_net.phi.sv_top,repgeom.node_space.f_net.phi.var_trace,repgeom.summaries.edge.n_modules,repgeom.summaries.global.n_modules,repgeom.summaries.node.n_modules,traceback
2,0.001,../results/tables/newest/N2_omega0.001 (1).json,1768637892.352136,unique,,,,1,1,1,../results/models/2p/w_00/backflowCTNN_001.pt,../results/models/2p/w_00,../results/models/2p/w_00/f_netCTNN_001.pt,../results/models,,w_00,AttributeError: 'tuple' object has no attribute 'to',2,1,1,1,192,20,48,10.0,4096,4096,60,4096,96,70,1.2,0.02,0.08,0,cuda,torch.float64,0.5;0.8;0.95,1768228018.7991803,0.001,cuda,torch.float64,CTNN,False,,,,,,,,,,,,,,,,,,,,,,,,,,,,,,,,,,,,,,,,,,,,,,,,,,,,,,,,,,,,,,,,,,,,,,,,,,,,,,,,,,,,,,,,,,,,,,,,,,,,,,,,,,,,,,,,,,,,,,,,,,,,,,,,,,,,,,,,,,,,,,,,,,,,,,,,,,,,,,,,,,,,,,,,,,,,,,,,,,,,,,,,,,,,,,,,,,,,,,,,,,,,,,,,,,,,,,,,,,,,,,,,,,,,,,,,,,,,,,,,,,,,,,,,,,,,,,,,,,,,,,,,,,,,,,,,,,,,,,,,,,,,,,,,,,,,,,,,,,,,,,,,,,,,,,,,,,,,,,,,,,,,,,,,,,,"Traceback (most recent call last):
  File ""/tmp/ipykernel_4073298/2686053612.py"", line 204, in _run_one_case
    mcmc_info = _sample_and_collect(
  File ""/tmp/ipykernel_4073298/2686053612.py"", line 307, in _sample_and_collect
    logpsi = _batched_logpsi(
  File ""/tmp/ipykernel_4073298/2686053612.py"", line 676, in _batched_logpsi
    out = _call_psi_fn(
  File ""/tmp/ipykernel_4073298/2686053612.py"", line 631, in _call_psi_fn
    return psi_fn(f_net, x, **kw2)
  File ""/itf-fi-ml/home/aleksns/Thesis/src/utils.py"", line 57, in wrapper
    return fn(*args, **kwargs)
  File ""/itf-fi-ml/home/aleksns/Thesis/src/functions/Neural_Networks.py"", line 290, in psi_fn
    C_occ = C_occ.to(device=dev, dtype=x_batch.dtype).contiguous()
AttributeError: 'tuple' object has no attribute 'to'
"
2,0.01,../results/tables/newest/N2_omega0.01.json,1768637892.3477364,unique,,,,1,1,1,../results/models/2p/w_00/backflowCTNN_01.pt,../results/models/2p/w_00,../results/models/2p/w_00/f_netCTNN_01.pt,../results/models,,w_00,AttributeError: 'tuple' object has no attribute 'to',2,1,1,1,192,20,48,10.0,4096,4096,60,4096,96,70,1.2,0.02,0.08,0,cuda,torch.float64,0.5;0.8;0.95,1768228018.9472852,0.01,cuda,torch.float64,CTNN,False,,,,,,,,,,,,,,,,,,,,,,,,,,,,,,,,,,,,,,,,,,,,,,,,,,,,,,,,,,,,,,,,,,,,,,,,,,,,,,,,,,,,,,,,,,,,,,,,,,,,,,,,,,,,,,,,,,,,,,,,,,,,,,,,,,,,,,,,,,,,,,,,,,,,,,,,,,,,,,,,,,,,,,,,,,,,,,,,,,,,,,,,,,,,,,,,,,,,,,,,,,,,,,,,,,,,,,,,,,,,,,,,,,,,,,,,,,,,,,,,,,,,,,,,,,,,,,,,,,,,,,,,,,,,,,,,,,,,,,,,,,,,,,,,,,,,,,,,,,,,,,,,,,,,,,,,,,,,,,,,,,,,,,,,,,,"Traceback (most recent call last):
  File ""/tmp/ipykernel_4073298/2686053612.py"", line 204, in _run_one_case
    mcmc_info = _sample_and_collect(
  File ""/tmp/ipykernel_4073298/2686053612.py"", line 307, in _sample_and_collect
    logpsi = _batched_logpsi(
  File ""/tmp/ipykernel_4073298/2686053612.py"", line 676, in _batched_logpsi
    out = _call_psi_fn(
  File ""/tmp/ipykernel_4073298/2686053612.py"", line 631, in _call_psi_fn
    return psi_fn(f_net, x, **kw2)
  File ""/itf-fi-ml/home/aleksns/Thesis/src/utils.py"", line 57, in wrapper
    return fn(*args, **kwargs)
  File ""/itf-fi-ml/home/aleksns/Thesis/src/functions/Neural_Networks.py"", line 290, in psi_fn
    C_occ = C_occ.to(device=dev, dtype=x_batch.dtype).contiguous()
AttributeError: 'tuple' object has no attribute 'to'
"
2,0.1,../results/tables/newest/N2_omega0.1.json,1768637892.3621264,unique,,,,1,1,1,../results/models/2p/w_01/backflowCTNN.pt,../results/models/2p/w_01,../results/models/2p/w_01/f_netCTNN.pt,../results/models,,w_01,AttributeError: 'tuple' object has no attribute 'to',2,1,1,1,192,20,48,10.0,4096,4096,60,4096,96,70,1.2,0.02,0.08,0,cuda,torch.float64,0.5;0.8;0.95,1768228019.101814,0.1,cuda,torch.float64,CTNN,False,,,,,,,,,,,,,,,,,,,,,,,,,,,,,,,,,,,,,,,,,,,,,,,,,,,,,,,,,,,,,,,,,,,,,,,,,,,,,,,,,,,,,,,,,,,,,,,,,,,,,,,,,,,,,,,,,,,,,,,,,,,,,,,,,,,,,,,,,,,,,,,,,,,,,,,,,,,,,,,,,,,,,,,,,,,,,,,,,,,,,,,,,,,,,,,,,,,,,,,,,,,,,,,,,,,,,,,,,,,,,,,,,,,,,,,,,,,,,,,,,,,,,,,,,,,,,,,,,,,,,,,,,,,,,,,,,,,,,,,,,,,,,,,,,,,,,,,,,,,,,,,,,,,,,,,,,,,,,,,,,,,,,,,,,,,"Traceback (most recent call last):
  File ""/tmp/ipykernel_4073298/2686053612.py"", line 204, in _run_one_case
    mcmc_info = _sample_and_collect(
  File ""/tmp/ipykernel_4073298/2686053612.py"", line 307, in _sample_and_collect
    logpsi = _batched_logpsi(
  File ""/tmp/ipykernel_4073298/2686053612.py"", line 676, in _batched_logpsi
    out = _call_psi_fn(
  File ""/tmp/ipykernel_4073298/2686053612.py"", line 631, in _call_psi_fn
    return psi_fn(f_net, x, **kw2)
  File ""/itf-fi-ml/home/aleksns/Thesis/src/utils.py"", line 57, in wrapper
    return fn(*args, **kwargs)
  File ""/itf-fi-ml/home/aleksns/Thesis/src/functions/Neural_Networks.py"", line 290, in psi_fn
    C_occ = C_occ.to(device=dev, dtype=x_batch.dtype).contiguous()
AttributeError: 'tuple' object has no attribute 'to'
"
2,0.5,../results/tables/newest/N2_omega0.5.json,1768637892.3678455,unique,,,,1,1,1,../results/models/2p/w_05/backflowCTNN.pt,../results/models/2p/w_05,../results/models/2p/w_05/f_netCTNN.pt,../results/models,,w_05,AttributeError: 'tuple' object has no attribute 'to',2,1,1,1,192,20,48,10.0,4096,4096,60,4096,96,70,1.2,0.02,0.08,0,cuda,torch.float64,0.5;0.8;0.95,1768228019.2532914,0.5,cuda,torch.float64,CTNN,False,,,,,,,,,,,,,,,,,,,,,,,,,,,,,,,,,,,,,,,,,,,,,,,,,,,,,,,,,,,,,,,,,,,,,,,,,,,,,,,,,,,,,,,,,,,,,,,,,,,,,,,,,,,,,,,,,,,,,,,,,,,,,,,,,,,,,,,,,,,,,,,,,,,,,,,,,,,,,,,,,,,,,,,,,,,,,,,,,,,,,,,,,,,,,,,,,,,,,,,,,,,,,,,,,,,,,,,,,,,,,,,,,,,,,,,,,,,,,,,,,,,,,,,,,,,,,,,,,,,,,,,,,,,,,,,,,,,,,,,,,,,,,,,,,,,,,,,,,,,,,,,,,,,,,,,,,,,,,,,,,,,,,,,,,,,"Traceback (most recent call last):
  File ""/tmp/ipykernel_4073298/2686053612.py"", line 204, in _run_one_case
    mcmc_info = _sample_and_collect(
  File ""/tmp/ipykernel_4073298/2686053612.py"", line 307, in _sample_and_collect
    logpsi = _batched_logpsi(
  File ""/tmp/ipykernel_4073298/2686053612.py"", line 676, in _batched_logpsi
    out = _call_psi_fn(
  File ""/tmp/ipykernel_4073298/2686053612.py"", line 631, in _call_psi_fn
    return psi_fn(f_net, x, **kw2)
  File ""/itf-fi-ml/home/aleksns/Thesis/src/utils.py"", line 57, in wrapper
    return fn(*args, **kwargs)
  File ""/itf-fi-ml/home/aleksns/Thesis/src/functions/Neural_Networks.py"", line 290, in psi_fn
    C_occ = C_occ.to(device=dev, dtype=x_batch.dtype).contiguous()
AttributeError: 'tuple' object has no attribute 'to'
"
2,1.0,../results/tables/newest/N2_omega1.0.json,1768637892.333976,unique,,,,1,1,1,../results/models/2p/w_10/backflowCTNN.pt,../results/models/2p/w_10,../results/models/2p/w_10/f_netCTNN.pt,../results/models,,w_10,AttributeError: 'tuple' object has no attribute 'to',2,1,1,1,192,20,48,10.0,4096,4096,60,4096,96,70,1.2,0.02,0.08,0,cuda,torch.float64,0.5;0.8;0.95,1768228019.5440571,1.0,cuda,torch.float64,CTNN,False,,,,,,,,,,,,,,,,,,,,,,,,,,,,,,,,,,,,,,,,,,,,,,,,,,,,,,,,,,,,,,,,,,,,,,,,,,,,,,,,,,,,,,,,,,,,,,,,,,,,,,,,,,,,,,,,,,,,,,,,,,,,,,,,,,,,,,,,,,,,,,,,,,,,,,,,,,,,,,,,,,,,,,,,,,,,,,,,,,,,,,,,,,,,,,,,,,,,,,,,,,,,,,,,,,,,,,,,,,,,,,,,,,,,,,,,,,,,,,,,,,,,,,,,,,,,,,,,,,,,,,,,,,,,,,,,,,,,,,,,,,,,,,,,,,,,,,,,,,,,,,,,,,,,,,,,,,,,,,,,,,,,,,,,,,,"Traceback (most recent call last):
  File ""/tmp/ipykernel_4073298/2686053612.py"", line 204, in _run_one_case
    mcmc_info = _sample_and_collect(
  File ""/tmp/ipykernel_4073298/2686053612.py"", line 307, in _sample_and_collect
    logpsi = _batched_logpsi(
  File ""/tmp/ipykernel_4073298/2686053612.py"", line 676, in _batched_logpsi
    out = _call_psi_fn(
  File ""/tmp/ipykernel_4073298/2686053612.py"", line 631, in _call_psi_fn
    return psi_fn(f_net, x, **kw2)
  File ""/itf-fi-ml/home/aleksns/Thesis/src/utils.py"", line 57, in wrapper
    return fn(*args, **kwargs)
  File ""/itf-fi-ml/home/aleksns/Thesis/src/functions/Neural_Networks.py"", line 290, in psi_fn
    C_occ = C_occ.to(device=dev, dtype=x_batch.dtype).contiguous()
AttributeError: 'tuple' object has no attribute 'to'
"
6,0.001,../results/tables/newest/N6_omega0.001 (1).json,1768637892.3301647,unique,,,,3,2,2,../results/models/6p/w_00/backflowCTNN_001.pt,../results/models/6p/w_00,../results/models/6p/w_00/f_netCTNN_001.pt,../results/models,,w_00,AttributeError: 'tuple' object has no attribute 'to',6,3,2,2,192,20,48,10.0,4096,4096,60,4096,96,70,1.2,0.02,0.08,0,cuda,torch.float64,0.5;0.8;0.95,1768228019.8049247,0.001,cuda,torch.float64,CTNN,False,,,,,,,,,,,,,,,,,,,,,,,,,,,,,,,,,,,,,,,,,,,,,,,,,,,,,,,,,,,,,,,,,,,,,,,,,,,,,,,,,,,,,,,,,,,,,,,,,,,,,,,,,,,,,,,,,,,,,,,,,,,,,,,,,,,,,,,,,,,,,,,,,,,,,,,,,,,,,,,,,,,,,,,,,,,,,,,,,,,,,,,,,,,,,,,,,,,,,,,,,,,,,,,,,,,,,,,,,,,,,,,,,,,,,,,,,,,,,,,,,,,,,,,,,,,,,,,,,,,,,,,,,,,,,,,,,,,,,,,,,,,,,,,,,,,,,,,,,,,,,,,,,,,,,,,,,,,,,,,,,,,,,,,,,,,"Traceback (most recent call last):
  File ""/tmp/ipykernel_4073298/2686053612.py"", line 204, in _run_one_case
    mcmc_info = _sample_and_collect(
  File ""/tmp/ipykernel_4073298/2686053612.py"", line 307, in _sample_and_collect
    logpsi = _batched_logpsi(
  File ""/tmp/ipykernel_4073298/2686053612.py"", line 676, in _batched_logpsi
    out = _call_psi_fn(
  File ""/tmp/ipykernel_4073298/2686053612.py"", line 631, in _call_psi_fn
    return psi_fn(f_net, x, **kw2)
  File ""/itf-fi-ml/home/aleksns/Thesis/src/utils.py"", line 57, in wrapper
    return fn(*args, **kwargs)
  File ""/itf-fi-ml/home/aleksns/Thesis/src/functions/Neural_Networks.py"", line 290, in psi_fn
    C_occ = C_occ.to(device=dev, dtype=x_batch.dtype).contiguous()
AttributeError: 'tuple' object has no attribute 'to'
"
6,0.01,../results/tables/newest/N6_omega0.01.json,1768637892.3192773,unique,,,,3,2,2,../results/models/6p/w_00/backflowCTNN_01.pt,../results/models/6p/w_00,../results/models/6p/w_00/f_netCTNN_01.pt,../results/models,,w_00,AttributeError: 'tuple' object has no attribute 'to',6,3,2,2,192,20,48,10.0,4096,4096,60,4096,96,70,1.2,0.02,0.08,0,cuda,torch.float64,0.5;0.8;0.95,1768228020.219794,0.01,cuda,torch.float64,CTNN,False,,,,,,,,,,,,,,,,,,,,,,,,,,,,,,,,,,,,,,,,,,,,,,,,,,,,,,,,,,,,,,,,,,,,,,,,,,,,,,,,,,,,,,,,,,,,,,,,,,,,,,,,,,,,,,,,,,,,,,,,,,,,,,,,,,,,,,,,,,,,,,,,,,,,,,,,,,,,,,,,,,,,,,,,,,,,,,,,,,,,,,,,,,,,,,,,,,,,,,,,,,,,,,,,,,,,,,,,,,,,,,,,,,,,,,,,,,,,,,,,,,,,,,,,,,,,,,,,,,,,,,,,,,,,,,,,,,,,,,,,,,,,,,,,,,,,,,,,,,,,,,,,,,,,,,,,,,,,,,,,,,,,,,,,,,,"Traceback (most recent call last):
  File ""/tmp/ipykernel_4073298/2686053612.py"", line 204, in _run_one_case
    mcmc_info = _sample_and_collect(
  File ""/tmp/ipykernel_4073298/2686053612.py"", line 307, in _sample_and_collect
    logpsi = _batched_logpsi(
  File ""/tmp/ipykernel_4073298/2686053612.py"", line 676, in _batched_logpsi
    out = _call_psi_fn(
  File ""/tmp/ipykernel_4073298/2686053612.py"", line 631, in _call_psi_fn
    return psi_fn(f_net, x, **kw2)
  File ""/itf-fi-ml/home/aleksns/Thesis/src/utils.py"", line 57, in wrapper
    return fn(*args, **kwargs)
  File ""/itf-fi-ml/home/aleksns/Thesis/src/functions/Neural_Networks.py"", line 290, in psi_fn
    C_occ = C_occ.to(device=dev, dtype=x_batch.dtype).contiguous()
AttributeError: 'tuple' object has no attribute 'to'
"
6,0.1,../results/tables/newest/N6_omega0.1.json,1768637892.3377485,unique,,,,3,2,2,../results/models/6p/w_01/backflowCTNN.pt,../results/models/6p/w_01,../results/models/6p/w_01/f_netCTNN.pt,../results/models,,w_01,AttributeError: 'tuple' object has no attribute 'to',6,3,2,2,192,20,48,10.0,4096,4096,60,4096,96,70,1.2,0.02,0.08,0,cuda,torch.float64,0.5;0.8;0.95,1768228020.7144887,0.1,cuda,torch.float64,CTNN,False,,,,,,,,,,,,,,,,,,,,,,,,,,,,,,,,,,,,,,,,,,,,,,,,,,,,,,,,,,,,,,,,,,,,,,,,,,,,,,,,,,,,,,,,,,,,,,,,,,,,,,,,,,,,,,,,,,,,,,,,,,,,,,,,,,,,,,,,,,,,,,,,,,,,,,,,,,,,,,,,,,,,,,,,,,,,,,,,,,,,,,,,,,,,,,,,,,,,,,,,,,,,,,,,,,,,,,,,,,,,,,,,,,,,,,,,,,,,,,,,,,,,,,,,,,,,,,,,,,,,,,,,,,,,,,,,,,,,,,,,,,,,,,,,,,,,,,,,,,,,,,,,,,,,,,,,,,,,,,,,,,,,,,,,,,,"Traceback (most recent call last):
  File ""/tmp/ipykernel_4073298/2686053612.py"", line 204, in _run_one_case
    mcmc_info = _sample_and_collect(
  File ""/tmp/ipykernel_4073298/2686053612.py"", line 307, in _sample_and_collect
    logpsi = _batched_logpsi(
  File ""/tmp/ipykernel_4073298/2686053612.py"", line 676, in _batched_logpsi
    out = _call_psi_fn(
  File ""/tmp/ipykernel_4073298/2686053612.py"", line 631, in _call_psi_fn
    return psi_fn(f_net, x, **kw2)
  File ""/itf-fi-ml/home/aleksns/Thesis/src/utils.py"", line 57, in wrapper
    return fn(*args, **kwargs)
  File ""/itf-fi-ml/home/aleksns/Thesis/src/functions/Neural_Networks.py"", line 290, in psi_fn
    C_occ = C_occ.to(device=dev, dtype=x_batch.dtype).contiguous()
AttributeError: 'tuple' object has no attribute 'to'
"
6,0.5,../results/tables/newest/N6_omega0.5.json,1768637892.315689,unique,,,,3,2,2,../results/models/6p/w_05/backflowCTNN.pt,../results/models/6p/w_05,../results/models/6p/w_05/f_netCTNN.pt,../results/models,,w_05,AttributeError: 'tuple' object has no attribute 'to',6,3,2,2,192,20,48,10.0,4096,4096,60,4096,96,70,1.2,0.02,0.08,0,cuda,torch.float64,0.5;0.8;0.95,1768228021.1974287,0.5,cuda,torch.float64,CTNN,False,,,,,,,,,,,,,,,,,,,,,,,,,,,,,,,,,,,,,,,,,,,,,,,,,,,,,,,,,,,,,,,,,,,,,,,,,,,,,,,,,,,,,,,,,,,,,,,,,,,,,,,,,,,,,,,,,,,,,,,,,,,,,,,,,,,,,,,,,,,,,,,,,,,,,,,,,,,,,,,,,,,,,,,,,,,,,,,,,,,,,,,,,,,,,,,,,,,,,,,,,,,,,,,,,,,,,,,,,,,,,,,,,,,,,,,,,,,,,,,,,,,,,,,,,,,,,,,,,,,,,,,,,,,,,,,,,,,,,,,,,,,,,,,,,,,,,,,,,,,,,,,,,,,,,,,,,,,,,,,,,,,,,,,,,,,"Traceback (most recent call last):
  File ""/tmp/ipykernel_4073298/2686053612.py"", line 204, in _run_one_case
    mcmc_info = _sample_and_collect(
  File ""/tmp/ipykernel_4073298/2686053612.py"", line 307, in _sample_and_collect
    logpsi = _batched_logpsi(
  File ""/tmp/ipykernel_4073298/2686053612.py"", line 676, in _batched_logpsi
    out = _call_psi_fn(
  File ""/tmp/ipykernel_4073298/2686053612.py"", line 631, in _call_psi_fn
    return psi_fn(f_net, x, **kw2)
  File ""/itf-fi-ml/home/aleksns/Thesis/src/utils.py"", line 57, in wrapper
    return fn(*args, **kwargs)
  File ""/itf-fi-ml/home/aleksns/Thesis/src/functions/Neural_Networks.py"", line 290, in psi_fn
    C_occ = C_occ.to(device=dev, dtype=x_batch.dtype).contiguous()
AttributeError: 'tuple' object has no attribute 'to'
"
6,1.0,../results/tables/newest/N6_omega1.0 (1).json,1768637892.304335,unique,,,,3,2,2,../results/models/6p/w_10/backflowCTNN.pt,../results/models/6p/w_10,../results/models/6p/w_10/f_netCTNN.pt,../results/models,,w_10,AttributeError: 'tuple' object has no attribute 'to',6,3,2,2,192,20,48,10.0,4096,4096,60,4096,96,70,1.2,0.02,0.08,0,cuda,torch.float64,0.5;0.8;0.95,1768228021.648819,1.0,cuda,torch.float64,CTNN,False,,,,,,,,,,,,,,,,,,,,,,,,,,,,,,,,,,,,,,,,,,,,,,,,,,,,,,,,,,,,,,,,,,,,,,,,,,,,,,,,,,,,,,,,,,,,,,,,,,,,,,,,,,,,,,,,,,,,,,,,,,,,,,,,,,,,,,,,,,,,,,,,,,,,,,,,,,,,,,,,,,,,,,,,,,,,,,,,,,,,,,,,,,,,,,,,,,,,,,,,,,,,,,,,,,,,,,,,,,,,,,,,,,,,,,,,,,,,,,,,,,,,,,,,,,,,,,,,,,,,,,,,,,,,,,,,,,,,,,,,,,,,,,,,,,,,,,,,,,,,,,,,,,,,,,,,,,,,,,,,,,,,,,,,,,,"Traceback (most recent call last):
  File ""/tmp/ipykernel_4073298/2686053612.py"", line 204, in _run_one_case
    mcmc_info = _sample_and_collect(
  File ""/tmp/ipykernel_4073298/2686053612.py"", line 307, in _sample_and_collect
    logpsi = _batched_logpsi(
  File ""/tmp/ipykernel_4073298/2686053612.py"", line 676, in _batched_logpsi
    out = _call_psi_fn(
  File ""/tmp/ipykernel_4073298/2686053612.py"", line 631, in _call_psi_fn
    return psi_fn(f_net, x, **kw2)
  File ""/itf-fi-ml/home/aleksns/Thesis/src/utils.py"", line 57, in wrapper
    return fn(*args, **kwargs)
  File ""/itf-fi-ml/home/aleksns/Thesis/src/functions/Neural_Networks.py"", line 290, in psi_fn
    C_occ = C_occ.to(device=dev, dtype=x_batch.dtype).contiguous()
AttributeError: 'tuple' object has no attribute 'to'
"
12,0.001,../results/tables/newest/N12_omega0.001 (1).json,1768637892.3011773,unique,bf.node_embed;bf.node_update.0;bf.node_update.2;bf.node_update.4;bf.node_update;bf.__out__;bf.edge_embed.0;bf.edge_embed.2;bf.edge_embed;bf.rho_v_to_e;bf.edge_update.0;bf.edge_update.2;bf.edge_update;bf.rho_e_to_v,27.0,bf.rho_v_to_e;bf.rho_e_to_v;f_net.rho.0;f_net.rho.2;f_net.rho.4;f_net.rho,6,3,3,../results/models/12p/w_00/backflowCTNN_001.pt,../results/models/12p/w_00,../results/models/12p/w_00/f_netCTNN_001.pt,../results/models,,w_00,,12,6,3,3,192,20,48,10.0,4096,4096,60,4096,96,70,1.2,0.02,0.08,0,cuda,torch.float64,0.5;0.8;0.95,1768225354.5964193,0.001,cuda,torch.float64,CTNN,True,../results/models/12p/w_00/backflowCTNN_001.pt,../results/models/12p/w_00,../results/models/12p/w_00/f_netCTNN_001.pt,128.0,1.0,1.0,1.0,1.0000065047180888,0.0005537419929169118;1.6532587521211894e-09;5.977007777602239e-11;1.5205826181530213e-11;1.2504755043940552e-11;1.0361703682570944e-11;8.88899023832046e-12;7.857737030492196e-12,5.375923156738281,4096.0,0.9539830088615417,-0.9546161890029907,,0.0005537437973544002,128.0,1.0,1.0,1.0,1.0000178519673193,0.14826726913452148;1.295602260142914e-06;1.4209655674335409e-08;2.617055905318466e-09;2.3725679199060323e-09;2.2501165375388155e-09;2.210642335853663e-09;2.087457318111774e-09,56.304542541503906,4096.0,0.9447212815284729,-0.9449064135551453,,0.14826859533786774,5.0,1.0,1.0,1.0,1.0000002166652282,1.2709275484085083;1.1955486911574553e-07;3.8200379748332125e-08;1.5501589345490174e-08;0.0,138.69525146484375,4096.0,0.9558829665184021,-0.9558884501457214,,1.2709276676177979,5.0,1.0,1.0,1.0,1.0000003400732544,1.2980611324310303;1.6214846709772246e-07;7.856633033043181e-08;4.504963957430164e-09;0.0,138.69078063964844,4096.0,0.9512220621109009,-0.9512289762496948,,1.2980613708496094,18432.0,11.0,23.0,48.0,29.55032586147295,34.929534912109375;32.84716796875;30.90863609313965;29.30975914001465;26.973106384277344;24.425296783447266;24.162031173706055;21.894323348999023,45.15428924560547,960.0,,,,551.19921875,18432.0,13.0,28.0,83.0,35.207297760741554,364.10223388671875;341.25567626953125;314.1217346191406;309.7041320800781;287.3116455078125;258.212890625;248.17559814453125;237.1759033203125,171.73289489746094,960.0,,,,6564.04833984375,18432.0,13.0,28.0,83.0,35.207297760741554,364.10223388671875;341.25567626953125;314.1217346191406;309.7041320800781;287.3116455078125;258.212890625;248.17559814453125;237.1759033203125,171.73289489746094,960.0,,,,6564.04833984375,18432.0,13.0,30.0,88.0,35.97523857101751,115.45396423339844;105.2170181274414;103.98356628417969;95.46144104003906;91.02952575683594;81.38837432861328;78.87273406982422;76.54906463623047,200.7231903076172,960.0,,,,2090.190673828125,18432.0,9.0,34.0,100.0,26.65203178151915,1301.49609375;1179.105224609375;1052.865478515625;950.2302856445312;894.8988037109375;855.3040161132812;792.3814086914062;710.0914306640625,509.7275390625,960.0,,,,16045.9658203125,18432.0,9.0,34.0,100.0,26.65203178151915,1301.49609375;1179.105224609375;1052.865478515625;950.2302856445312;894.8988037109375;855.3040161132812;792.3814086914062;710.0914306640625,509.7275390625,960.0,,,,16045.9658203125,18432.0,8.0,33.0,104.0,23.46468821928471,1819.3839111328125;1660.5001220703125;1450.9825439453125;1337.9383544921875;1247.9112548828125;1173.83935546875;1094.258544921875;972.1556396484375,563.5261840820312,960.0,,,,20577.12890625,18432.0,1.0,1.0,24.0,1.375938353358755,948.6153564453125;8.952802658081055;7.077871322631836;6.51754093170166;6.410038471221924;6.121424198150635;6.035569667816162;5.37320613861084,73.34123229980469,1920.0,,,,1113.1693115234375,1.0,1.0,1.0,1.0,0.999999961204722,3.3422653675079346,102.05042266845703,960.0,,,,3.3422653675079346,128.0,1.0,1.0,2.0,1.2106739706131449,0.283495157957077;0.028984300792217255;0.0008062274428084493;0.00023576029343530536;2.5662386178737506e-05;1.1340736818965524e-05;2.5585239882275346e-07;3.5293993505547405e-08,10.479584693908691,960.0,,,,0.3135589063167572,128.0,1.0,1.0,1.0,1.0696915816201837,24.487335205078125;0.8121005296707153;0.03956645727157593;0.0004978086217306554;0.0004707927873823792;0.00013830052921548486;5.1795832405332476e-05;2.4598781237727962e-05,105.17924499511719,960.0,,,,25.34020233154297,1.0,1.0,1.0,1.0,0.9999999630586277,4.196949481964111,101.17162322998047,960.0,,,,4.196949481964111,1.0,1.0,1.0,1.0,0.9999999630586277,4.196949481964111,101.17162322998047,960.0,,,,4.196949481964111,2.0,1.0,1.0,1.0,1.0081102494902177,0.17034725844860077;0.0006907809292897582,0.00219518318772316,4096.0,0.013788292184472084,-0.061184532940387726,,0.17103804647922516,128.0,1.0,2.0,3.0,1.859266548312293,3.4237303733825684;0.7899703979492188;0.6615635752677917;3.56346475882674e-07;9.09570161411466e-08;8.201417500686148e-08;7.475711072402191e-08;6.956443598937767e-08,4.512836933135986,4096.0,-0.061975035816431046,0.2569849193096161,,4.875265121459961,128.0,1.0,1.0,4.0,1.5193356809672656,105.8134536743164;9.981356620788574;7.7594499588012695;4.885300636291504;1.9715375900268555;0.8386476635932922;0.14730298519134521;0.061904117465019226,59.30353927612305,4096.0,0.1694745272397995,0.2028912752866745,,131.5193634033203,128.0,1.0,1.0,2.0,1.2533951585607588,908.297607421875;61.43799591064453;24.554092407226562;12.797248840332031;5.516785621643066;3.2599518299102783;1.5303797721862793;0.9689991474151611,112.77509307861328,4096.0,-0.09797361493110657,0.12692177295684814,,1019.7081909179688,128.0,1.0,2.0,2.0,1.7420842672701942,587.3114013671875;187.30592346191406;30.858726501464844;4.440670013427734;1.620194673538208;1.172782063484192;0.8082807064056396;0.49579548835754395,74.8365707397461,4096.0,-0.2124551683664322,0.19756510853767395,,814.693603515625,128.0,1.0,2.0,3.0,1.7780439193345083,583.5677490234375;194.3442840576172;33.53324890136719;5.020875930786133;1.6806421279907227;1.1273300647735596;0.847868025302887;0.5167886018753052,74.49678802490234,4096.0,-0.21246004104614258,0.17563065886497498,,821.4163208007812,128.0,1.0,2.0,2.0,1.9612418047706823,0.1574011594057083;0.11860119551420212;1.5286643062495386e-08;7.105814159302781e-09;4.292289634832969e-09;4.119722341044962e-09;3.421279037851832e-09;3.187605068788457e-09,0.721001148223877,4096.0,-0.029643313959240913,0.9680397510528564,,0.2760023772716522,128.0,1.0,2.0,2.0,1.7056059477258962,0.7027662992477417;0.27443572878837585;0.007759668864309788;0.0002669684763532132;0.00012684242392424494;5.499860478153096e-08;4.30848601240541e-08;2.6307585443419157e-08,4.1461100578308105,4096.0,-0.017004916444420815,0.6382967829704285,,0.9853557348251343,5.0,1.0,1.0,2.0,1.2947242253028932,0.128890261054039;0.017456812784075737;0.0014861339004710317;0.00014718428428750485;2.7402493287809193e-05,5.099305629730225,4096.0,-0.1474471539258957,0.9234921336174011,,0.14800779521465302,5.0,1.0,1.0,2.0,1.264292477633231,0.13266728818416595;0.015997758135199547;0.0014405209803953767;0.00013014896831009537;2.5821751478360966e-05,5.098951816558838,4096.0,-0.198765829205513,0.9296653270721436,,0.1502615362405777,4.0,13.0,10.0,
12,0.01,../results/tables/newest/N12_omega0.01.json,1768637892.285975,unique,bf.node_embed;bf.node_update.0;bf.node_update.2;bf.node_update.4;bf.node_update;bf.__out__;bf.edge_embed.0;bf.edge_embed.2;bf.edge_embed;bf.rho_v_to_e;bf.edge_update.0;bf.edge_update.2;bf.edge_update;bf.rho_e_to_v,27.0,bf.rho_v_to_e;bf.rho_e_to_v;f_net.rho.0;f_net.rho.2;f_net.rho.4;f_net.rho,6,3,3,../results/models/12p/w_00/backflowCTNN_01.pt,../results/models/12p/w_00,../results/models/12p/w_00/f_netCTNN_01.pt,../results/models,,w_00,,12,6,3,3,192,20,48,10.0,4096,4096,60,4096,96,70,1.2,0.02,0.08,0,cuda,torch.float64,0.5;0.8;0.95,1768230263.2384377,0.01,cuda,torch.float64,CTNN,True,../results/models/12p/w_00/backflowCTNN_01.pt,../results/models/12p/w_00,../results/models/12p/w_00/f_netCTNN_01.pt,128.0,1.0,1.0,1.0,1.0245575572335501,0.8961747884750366;0.010720504447817802;0.00027533044340088964;5.875522674614331e-06;1.201220811708481e-07;2.2701295065985505e-08;2.2053713522041107e-08;1.6912752087705485e-08,4.156596660614014,4096.0,0.9900541305541992,-0.9073299169540405,,0.9071769118309021,128.0,1.0,1.0,1.0,1.0033278723465895,43.82645034790039;0.07186374068260193;0.000972690642811358;6.18507110630162e-05;5.091593720862875e-06;1.91917297343025e-06;9.258103546017082e-07;8.801981721262564e-07,25.960567474365234,4096.0,0.9828104376792908,-0.9780838489532471,,43.89937210083008,5.0,1.0,1.0,1.0,1.0003583893659083,87.88098907470703;0.015405982732772827;0.0003340725670568645;9.916491762851365e-06;0.0,44.458106994628906,4096.0,0.9733704924583435,-0.9733928442001343,,87.89673614501953,5.0,1.0,1.0,1.0,1.0003510508033906,88.88969421386719;0.015272833406925201;0.00031121086794883013;1.1552812793524936e-05;1.406378146384668e-06,44.4592170715332,4096.0,0.9764406681060791,-0.9764606952667236,,88.9052963256836,18432.0,11.0,34.0,62.0,26.584329281798745,2531.11181640625;1327.2861328125;966.71435546875;838.01318359375;762.525634765625;680.204345703125;648.4143676757812;612.6311645507812,141.35223388671875,960.0,,,,19594.169921875,18432.0,24.0,74.0,159.0,64.70744737306266,940.9951171875;464.5015563964844;438.92852783203125;416.416748046875;377.0367736816406;357.2063903808594;336.9014892578125;321.1248474121094,143.58433532714844,960.0,,,,15001.6572265625,18432.0,24.0,74.0,159.0,64.70744737306266,940.9951171875;464.5015563964844;438.92852783203125;416.416748046875;377.0367736816406;357.2063903808594;336.9014892578125;321.1248474121094,143.58433532714844,960.0,,,,15001.6572265625,18432.0,14.0,36.0,115.0,40.47341895801103,729.1864013671875;645.961669921875;595.7850952148438;571.4252319335938;547.8828735351562;503.16827392578125;500.21405029296875;465.3983154296875,198.14669799804688,960.0,,,,13365.8212890625,18432.0,18.0,52.0,123.0,52.70935066017177,2798.071044921875;2072.49560546875;1906.4334716796875;1876.597412109375;1753.148193359375;1673.7335205078125;1500.8079833984375;1457.584228515625,300.30364990234375,960.0,,,,53360.73046875,18432.0,18.0,52.0,123.0,52.70935066017177,2798.071044921875;2072.49560546875;1906.4334716796875;1876.597412109375;1753.148193359375;1673.7335205078125;1500.8079833984375;1457.584228515625,300.30364990234375,960.0,,,,53360.73046875,18432.0,15.0,49.0,117.0,46.07779396847975,4325.26513671875;4220.712890625;4098.9990234375;3680.677490234375;3533.103271484375;3339.559326171875;3194.753173828125;3040.588623046875,284.1954345703125,960.0,,,,94407.796875,18432.0,7.0,25.0,40.0,7.008753224417249,1077.8756103515625;102.01991271972656;78.61643981933594;77.6675796508789;74.74037170410156;68.5631103515625;63.8502082824707;60.51718521118164,71.47576141357422,1920.0,,,,2966.580322265625,1.0,1.0,1.0,1.0,0.9999999614735284,537.6445922851562,165.60107421875,960.0,,,,537.6445922851562,128.0,1.0,1.0,1.0,1.0251468789324418,25.423311233520508;0.214279904961586;0.09924419969320297;0.004223600495606661;0.00047654242371208966;0.0003476065758150071;0.00012155144941061735;4.5332366426009685e-05,26.663148880004883,960.0,,,,25.742094039916992,128.0,1.0,1.0,1.0,1.0207410959209051,433.4425354003906;4.267670154571533;0.13381947576999664;0.07304680347442627;0.014034825377166271;0.0020251921378076077;0.0012734626652672887;0.000332669063936919,136.46896362304688,960.0,,,,437.9357604980469,1.0,1.0,1.0,1.0,0.9999999636413419,551.1118774414062,164.90618896484375,960.0,,,,551.1118774414062,1.0,1.0,1.0,1.0,0.9999999636413419,551.1118774414062,164.90618896484375,960.0,,,,551.1118774414062,2.0,1.0,1.0,2.0,1.154864222344525,0.04985059052705765;0.0038834623992443085,0.0040774717926979065,4096.0,-0.27373799681663513,0.3887381851673126,,0.053734052926301956,128.0,2.0,2.0,3.0,2.629250395715086,9.841837882995605;8.94133186340332;3.5208261013031006;1.1079323485319037e-06;9.612266467229347e-07;3.0150602015055483e-07;2.5934741643141024e-07;2.4910806928346574e-07,4.4812421798706055,4096.0,0.05064127966761589,0.8566476106643677,,22.303998947143555,128.0,2.0,2.0,2.0,2.156553582438537,496.41900634765625;462.87615966796875;22.76288604736328;9.575167655944824;2.112612247467041;1.548019528388977;1.0696440935134888;0.6670352220535278,19.82855796813965,4096.0,0.11318442970514297,0.18149180710315704,,997.4105834960938,128.0,1.0,2.0,5.0,2.4127107064939857,1251.1898193359375;557.74169921875;124.94728088378906;89.6976318359375;53.20747375488281;23.781320571899414;19.86680793762207;6.771420478820801,57.18967056274414,4096.0,0.18274538218975067,-0.15423384308815002,,2143.356201171875,128.0,1.0,2.0,4.0,1.7897174183317932,967.5684204101562;201.77978515625;68.56864166259766;49.364112854003906;12.867975234985352;8.907295227050781;6.055792808532715;3.8419511318206787,81.63079071044922,4096.0,0.5613256692886353,-0.5411458611488342,,1327.2913818359375,128.0,1.0,2.0,4.0,1.7734746570825413,974.5167236328125;198.977294921875;67.46580505371094;48.460060119628906;12.77212142944336;8.783743858337402;6.020864486694336;3.942490577697754,81.05945587158203,4096.0,0.5561962127685547,-0.5390220880508423,,1329.3697509765625,128.0,1.0,2.0,2.0,1.985313762071484,1.8484666347503662;1.5556714534759521;2.44186765030463e-07;1.4948533078040782e-07;6.216795611635462e-08;5.4637862234585555e-08;4.1876660361594986e-08;3.9819671115992605e-08,0.7129064202308655,4096.0,-0.046396344900131226,0.9937437176704407,,3.4041390419006348,128.0,1.0,2.0,2.0,1.7603981281131424,8.046399116516113;2.6586787700653076;0.5087841749191284;0.028119772672653198;0.021802758798003197;0.0001839524193201214;9.883840903057717e-06;4.0815534703142475e-06,4.1725616455078125,4096.0,0.0345366895198822,0.8718525171279907,,11.263995170593262,5.0,1.0,2.0,2.0,1.5816215980548831,1.1631505489349365;0.3515585660934448;0.009901182726025581;0.0028885819483548403;0.0007201461703516543,4.421325206756592,4096.0,-0.3833465278148651,0.9132322669029236,,1.5282189846038818,5.0,1.0,2.0,2.0,1.650819801820574,1.185044288635254;0.41423726081848145;0.009969271719455719;0.0030049635097384453;0.0007366033387370408,4.430716037750244,4096.0,-0.3558019995689392,0.9042391180992126,,1.612992286682129,4.0,13.0,10.0,
12,0.1,../results/tables/newest/N12_omega0.1.json,1768637892.2819407,unique,bf.node_embed;bf.node_update.0;bf.node_update.2;bf.node_update.4;bf.node_update;bf.__out__;bf.edge_embed.0;bf.edge_embed.2;bf.edge_embed;bf.rho_v_to_e;bf.edge_update.0;bf.edge_update.2;bf.edge_update;bf.rho_e_to_v,27.0,bf.rho_v_to_e;bf.rho_e_to_v;f_net.rho.0;f_net.rho.2;f_net.rho.4;f_net.rho,6,3,3,../results/models/12p/w_01/backflowCTNN.pt,../results/models/12p/w_01,../results/models/12p/w_01/f_netCTNN.pt,../results/models,,w_01,,12,6,3,3,192,20,48,10.0,4096,4096,60,4096,96,70,1.2,0.02,0.08,0,cuda,torch.float64,0.5;0.8;0.95,1768234915.5452707,0.1,cuda,torch.float64,CTNN,True,../results/models/12p/w_01/backflowCTNN.pt,../results/models/12p/w_01,../results/models/12p/w_01/f_netCTNN.pt,128.0,1.0,1.0,2.0,1.2209290547398994,2.2576749324798584;0.22962971031665802;0.019702401012182236;0.000588505354244262;1.3688775197806535e-06;1.2022624673591054e-07;8.849009702771582e-08;6.507821126433555e-08,6.224524974822998,4096.0,0.9074929356575012,-0.27321454882621765,,2.5075976848602295,128.0,1.0,1.0,1.0,1.1039231217394425,142.30819702148438;6.947518825531006;0.38232898712158203;0.051340263336896896;0.00905601866543293;0.0001218445468111895;2.1756699425168335e-05;1.480288483435288e-05,44.03253936767578,4096.0,-0.9137629270553589,-0.7021159529685974,,149.69863891601562,5.0,1.0,1.0,1.0,1.0312730208100018,63.503543853759766;0.9043600559234619;0.08286172896623611;0.0034647739958018064;0.0012391008203849196,30.67622947692871,4096.0,0.8666747808456421,0.9185203313827515,,64.49546813964844,5.0,1.0,1.0,1.0,1.0301755032979594,63.30772018432617;0.8688311576843262;0.08037840574979782;0.003733840538188815;0.0012385357404127717,30.723501205444336,4096.0,0.866706907749176,0.9220254421234131,,64.26189422607422,18432.0,14.0,36.0,65.0,35.94717223798585,1671.6077880859375;1108.353759765625;976.8160400390625;842.8829345703125;763.1463623046875;735.2860717773438;684.416259765625;640.77099609375,150.2223358154297,960.0,,,,19897.115234375,18432.0,28.0,82.0,166.0,81.16967478948622,517.706298828125;400.74224853515625;368.74981689453125;357.1566467285156;329.8627624511719;322.82708740234375;313.5438537597656;294.240478515625,127.43557739257812,960.0,,,,14082.8251953125,18432.0,28.0,82.0,166.0,81.16967478948622,517.706298828125;400.74224853515625;368.74981689453125;357.1566467285156;329.8627624511719;322.82708740234375;313.5438537597656;294.240478515625,127.43557739257812,960.0,,,,14082.8251953125,18432.0,13.0,36.0,113.0,38.522470077539715,780.9375;694.5023803710938;656.5558471679688;629.319580078125;614.6510009765625;582.5732421875;568.0050048828125;480.51153564453125,189.4986114501953,960.0,,,,14015.6416015625,18432.0,26.0,74.0,150.0,75.5952527897368,698.8192138671875;678.99560546875;650.2421875;632.2162475585938;606.356689453125;571.7562866210938;563.1669921875;532.5431518554688,185.59568786621094,960.0,,,,22731.138671875,18432.0,26.0,74.0,150.0,75.5952527897368,698.8192138671875;678.99560546875;650.2421875;632.2162475585938;606.356689453125;571.7562866210938;563.1669921875;532.5431518554688,185.59568786621094,960.0,,,,22731.138671875,18432.0,25.0,73.0,138.0,73.09679166982669,1192.117431640625;1102.076904296875;1043.89501953125;1021.7396240234375;991.956787109375;935.7542724609375;919.5875854492188;869.935546875,188.5250701904297,960.0,,,,35437.88671875,18432.0,9.0,26.0,41.0,8.873848120496497,1036.516357421875;96.36117553710938;85.80513763427734;83.59249114990234;80.64041137695312;76.4853515625;76.21261596679688;72.00735473632812,69.43080139160156,1920.0,,,,3262.90380859375,1.0,1.0,1.0,1.0,0.9999999759019518,64.51765441894531,138.6667938232422,960.0,,,,64.51765441894531,128.0,1.0,1.0,1.0,1.1052833088832172,11.852880477905273;0.2759612798690796;0.2149195820093155;0.046292152255773544;0.029359610751271248;0.02033805660903454;0.016461370512843132;0.008661039173603058,36.108829498291016,960.0,,,,12.466814994812012,128.0,1.0,1.0,1.0,1.0157827278480451,443.7197570800781;1.5755062103271484;0.8260623216629028;0.4955986738204956;0.302571564912796;0.09989666938781738;0.07145320624113083;0.03760688006877899,237.32810974121094,960.0,,,,447.21160888671875,1.0,1.0,1.0,1.0,1.0000000157993365,81.19798278808594,134.38641357421875,960.0,,,,81.19798278808594,1.0,1.0,1.0,1.0,1.0000000157993365,81.19798278808594,134.38641357421875,960.0,,,,81.19798278808594,2.0,1.0,2.0,2.0,1.9367069589288688,0.22179214656352997;0.15387903153896332,0.0029642265290021896,4096.0,-0.20218005776405334,0.06573720276355743,,0.3756711781024933,128.0,2.0,2.0,3.0,2.5453369526321423,11.612823486328125;10.240520477294922;3.4566469192504883;1.2487512321968097e-06;1.0892902082559885e-06;4.7053990215317754e-07;3.013673790519533e-07;2.7477088337946043e-07,4.4241228103637695,4096.0,0.01395826693624258,0.8589029312133789,,25.30999755859375,128.0,2.0,2.0,3.0,2.290034056878182,120.80009460449219;110.9552001953125;9.285274505615234;3.1713008880615234;2.066598892211914;1.2285523414611816;0.5903943777084351;0.22667667269706726,10.498946189880371,4096.0,-0.05668044090270996,0.16140171885490417,,248.68678283691406,128.0,2.0,3.0,6.0,3.4308140526367574,95.03204345703125;91.3423080444336;22.077266693115234;15.75290298461914;10.958270072937012;3.5752201080322266;3.161731481552124;1.9685626029968262,11.914506912231445,4096.0,-0.036977313458919525,0.06895621865987778,,250.30824279785156,128.0,1.0,2.0,2.0,2.091947459718726,256.3222961425781;176.66184997558594;6.102548599243164;3.4049768447875977;2.3104193210601807;1.5056681632995605;0.9294691681861877;0.7895657420158386,13.266822814941406,4096.0,0.2484889179468155,-0.2605120539665222,,450.3934020996094,128.0,1.0,2.0,2.0,2.106033731879464,245.55856323242188;175.5181427001953;5.985315322875977;3.2893481254577637;2.255664587020874;1.524470567703247;0.9255707263946533;0.7881636619567871,13.121430397033691,4096.0,0.26667702198028564,-0.2849748730659485,,438.166259765625,128.0,1.0,2.0,2.0,1.9911812584950865,2.421529531478882;2.1193220615386963;2.2597751581088232e-07;1.8599889983761386e-07;7.15581194299375e-08;6.028135146607383e-08;5.822334969707299e-08;5.397190960820808e-08,1.6396381855010986,4096.0,-0.05305313691496849,0.8736127614974976,,4.5408525466918945,128.0,2.0,2.0,3.0,2.316657843342866,47.304317474365234;45.10588836669922;5.712139129638672;1.1980170011520386;0.5632748007774353;0.0005212859250605106;0.0002737777540460229;9.871943620964885e-05,11.114652633666992,4096.0,0.006628334987908602,0.878954291343689,,99.884765625,5.0,2.0,2.0,3.0,2.8653334494059104,1.8960129022598267;1.7259124517440796;0.722450315952301;0.1208982840180397;0.04914543777704239,5.929618835449219,4096.0,0.12302014976739883,-0.3005017936229706,,4.5144195556640625,5.0,2.0,2.0,3.0,2.8651368402641886,1.8917351961135864;1.7419257164001465;0.7307747602462769;0.1187564879655838;0.047139499336481094,5.9060211181640625,4096.0,0.12069012224674225,-0.31103116273880005,,4.530331611633301,4.0,13.0,10.0,
12,0.5,../results/tables/newest/N12_omega0.5.json,1768637892.2968662,unique,bf.node_embed;bf.node_update.0;bf.node_update.2;bf.node_update.4;bf.node_update;bf.__out__;bf.edge_embed.0;bf.edge_embed.2;bf.edge_embed;bf.rho_v_to_e;bf.edge_update.0;bf.edge_update.2;bf.edge_update;bf.rho_e_to_v,27.0,bf.rho_v_to_e;bf.rho_e_to_v;f_net.rho.0;f_net.rho.2;f_net.rho.4;f_net.rho,6,3,3,../results/models/12p/w_05/backflowCTNN.pt,../results/models/12p/w_05,../results/models/12p/w_05/f_netCTNN.pt,../results/models,,w_05,,12,6,3,3,192,20,48,10.0,4096,4096,60,4096,96,70,1.2,0.02,0.08,0,cuda,torch.float64,0.5;0.8;0.95,1768239571.9054844,0.5,cuda,torch.float64,CTNN,True,../results/models/12p/w_05/backflowCTNN.pt,../results/models/12p/w_05,../results/models/12p/w_05/f_netCTNN.pt,128.0,1.0,1.0,1.0,1.062155714700807,2.1441502571105957;0.06506186723709106;0.0015007893089205027;7.70190090406686e-05;8.58774728840217e-06;2.8540148377942387e-07;5.447652284829019e-08;4.8460577772857505e-08,5.944112300872803,4096.0,-0.9663838148117065,0.9764047861099243,,2.210798978805542,128.0,1.0,1.0,1.0,1.0305884365487357,12.19560718536377;0.1752249002456665;0.010664054192602634;0.00039423618000000715;0.00010334054968552664;6.311769539024681e-06;1.324110144196311e-06;1.0766576679088757e-06,14.46672534942627,4096.0,-0.9665543437004089,0.9656259417533875,,12.382006645202637,5.0,1.0,1.0,1.0,1.0070888158568037,22.363985061645508;0.07383544743061066;0.005193368997424841;0.00021648213441949338;5.878943284187699e-06,18.743558883666992,4096.0,0.94887375831604,0.9483842849731445,,22.443235397338867,5.0,1.0,1.0,1.0,1.0074491778693546,22.826398849487305;0.07948436588048935;0.005271769594401121;0.00023815681925043464;5.8447267292649485e-06,18.719327926635742,4096.0,0.9499708414077759,0.949481189250946,,22.911399841308594,18432.0,16.0,40.0,67.0,43.300758637633294,1684.9324951171875;1493.9683837890625;1179.449462890625;1170.092041015625;1108.6134033203125;1047.9813232421875;1007.1237182617188;934.7738037109375,186.6275634765625,960.0,,,,29242.751953125,18432.0,19.0,50.0,109.0,54.783556560267144,305.12506103515625;275.1044616699219;226.4140625;218.26004028320312;212.49249267578125;205.0630340576172;190.9675750732422;181.04612731933594,106.76828002929688,960.0,,,,6702.7216796875,18432.0,19.0,50.0,109.0,54.783556560267144,305.12506103515625;275.1044616699219;226.4140625;218.26004028320312;212.49249267578125;205.0630340576172;190.9675750732422;181.04612731933594,106.76828002929688,960.0,,,,6702.7216796875,18432.0,12.0,25.0,61.0,32.650283917249645,719.331298828125;626.349365234375;587.5894775390625;560.1163330078125;550.26416015625;503.7869873046875;488.59906005859375;471.73388671875,155.4158477783203,960.0,,,,11990.4267578125,18432.0,16.0,51.0,132.0,48.945325537968664,180.79022216796875;172.00338745117188;155.20321655273438;148.1065216064453;146.83816528320312;133.480224609375;131.53407287597656;124.01444244384766,89.92587280273438,960.0,,,,3916.13623046875,18432.0,16.0,51.0,132.0,48.945325537968664,180.79022216796875;172.00338745117188;155.20321655273438;148.1065216064453;146.83816528320312;133.480224609375;131.53407287597656;124.01444244384766,89.92587280273438,960.0,,,,3916.13623046875,18432.0,19.0,64.0,136.0,57.7666053810733,192.90260314941406;186.61183166503906;165.38504028320312;155.78652954101562;152.1156005859375;142.0649871826172;133.54107666015625;130.44129943847656,86.54656982421875,960.0,,,,4622.5166015625,18432.0,13.0,30.0,42.0,18.048983307521656,831.69091796875;134.40997314453125;130.1087646484375;128.5636749267578;106.95140838623047;106.00267791748047;103.16781616210938;100.72834014892578,63.25124740600586,1920.0,,,,4173.388671875,1.0,1.0,1.0,1.0,1.0000000194721141,10.459086418151855,79.091064453125,960.0,,,,10.459086418151855,128.0,1.0,1.0,2.0,1.127332868776075,4.978058815002441;0.13384486734867096;0.10633260011672974;0.033983681350946426;0.027059724554419518;0.0077359797433018684;0.0012729547452181578;0.0003476114070508629,30.011987686157227,960.0,,,,5.288823127746582,128.0,1.0,1.0,1.0,1.0374078138937193,24.334253311157227;0.24130520224571228;0.12238983809947968;0.06021111458539963;0.019367774948477745;0.005047013983130455;0.0021863370202481747;0.0009303898550570011,68.48968505859375,960.0,,,,24.786834716796875,1.0,1.0,1.0,1.0,0.9999999621416688,18.25455665588379,69.7545166015625,960.0,,,,18.25455665588379,1.0,1.0,1.0,1.0,0.9999999621416688,18.25455665588379,69.7545166015625,960.0,,,,18.25455665588379,2.0,1.0,2.0,2.0,1.996578124983088,0.03979988768696785;0.03663557395339012,0.0007614930509589612,4096.0,0.06051212176680565,-0.061078030616045,,0.07643546164035797,128.0,2.0,2.0,3.0,2.3758044590094194,16.97290802001953;15.592378616333008;3.328300952911377;1.4884068377796211e-06;1.0469450444361428e-06;5.692686499969568e-07;4.255037708844611e-07;3.922074256479391e-07,4.370687484741211,4096.0,-0.023704616352915764,0.9146924018859863,,35.893592834472656,128.0,2.0,2.0,5.0,2.9503791706262885,13.108085632324219;10.971363067626953;1.8411551713943481;1.5249062776565552;1.4519134759902954;0.6934413909912109;0.07295272499322891;0.061610110104084015,5.466996669769287,4096.0,-0.052089814096689224,0.6323157548904419,,29.77596092224121,128.0,2.0,2.0,6.0,2.781884099891432,5.768059730529785;5.154648303985596;0.43902409076690674;0.43508946895599365;0.3140040934085846;0.27795013785362244;0.22380463778972626;0.1561766117811203,2.0009031295776367,4096.0,-0.04775290936231613,0.6668288707733154,,12.970935821533203,128.0,1.0,2.0,2.0,1.953096705150736,16.309099197387695;10.136543273925781;0.11218583583831787;0.07579439133405685;0.07137119024991989;0.04875583201646805;0.022288616746664047;0.012587605975568295,0.9432174563407898,4096.0,-0.05414208397269249,0.22217069566249847,,26.837095260620117,128.0,1.0,2.0,2.0,1.9414475816860717,16.763822555541992;10.148834228515625;0.11291639506816864;0.0755116418004036;0.07243694365024567;0.04881680756807327;0.022329099476337433;0.012653762474656105,0.9254934787750244,4096.0,-0.049198854714632034,0.22272489964962006,,27.305971145629883,128.0,1.0,2.0,2.0,1.9777470685495426,3.196549654006958;2.583432674407959;3.9110159377742093e-07;1.4222221977888694e-07;8.243512894523519e-08;6.85096352981418e-08;6.69514648166114e-08;6.072966840520166e-08,0.5890968441963196,4096.0,-0.07477043569087982,0.9970877766609192,,5.7799835205078125,128.0,1.0,2.0,3.0,2.1444115802393897,48.85651779174805;33.826419830322266;3.026883602142334;0.9188835024833679;0.5165980458259583;0.00010362494504079223;4.5043456339044496e-05;2.8624852348002605e-05,3.6034095287323,4096.0,0.035043392330408096,0.9803696870803833,,87.14554595947266,5.0,1.0,2.0,4.0,2.459329633748511,1.688201904296875;0.7178937792778015;0.3023339807987213;0.21081189811229706;0.01525800209492445,1.7151883840560913,4096.0,0.6933894157409668,0.8075363636016846,,2.934499502182007,5.0,1.0,2.0,4.0,2.469218519500779,1.6806156635284424;0.7273235321044922;0.30099189281463623;0.2114996314048767;0.014724391512572765,1.7212005853652954,4096.0,0.6976049542427063,0.8072298765182495,,2.9351553916931152,4.0,13.0,10.0,
12,1.0,../results/tables/newest/N12_omega1.0.json,1768637892.2708733,unique,bf.node_embed;bf.node_update.0;bf.node_update.2;bf.node_update.4;bf.node_update;bf.__out__;bf.edge_embed.0;bf.edge_embed.2;bf.edge_embed;bf.rho_v_to_e;bf.edge_update.0;bf.edge_update.2;bf.edge_update;bf.rho_e_to_v,27.0,bf.rho_v_to_e;bf.rho_e_to_v;f_net.rho.0;f_net.rho.2;f_net.rho.4;f_net.rho,6,3,3,../results/models/12p/w_10/backflowCTNN.pt,../results/models/12p/w_10,../results/models/12p/w_10/f_netCTNN.pt,../results/models,,w_10,,12,6,3,3,192,20,48,10.0,4096,4096,60,4096,96,70,1.2,0.02,0.08,0,cuda,torch.float64,0.5;0.8;0.95,1768244178.439922,1.0,cuda,torch.float64,CTNN,True,../results/models/12p/w_10/backflowCTNN.pt,../results/models/12p/w_10,../results/models/12p/w_10/f_netCTNN.pt,128.0,1.0,1.0,1.0,1.013878986858551,2.9553589820861816;0.017337242141366005;0.003016500500962138;0.00011431321036070585;2.1325100533431396e-05;3.321518420307257e-07;6.677138486566037e-08;6.06829573257528e-08,6.911540985107422,4096.0,-0.9594545960426331,0.9837079644203186,,2.9758498668670654,128.0,1.0,1.0,1.0,1.033394454462122,32.026161193847656;0.5217359662055969;0.011085156351327896;0.0016053325962275267;0.00022583804093301296;1.7191225197166204e-05;4.3927866499871016e-06;2.3059944851411274e-06,14.571778297424316,4096.0,-0.9805947542190552,0.9973405599594116,,32.56084060668945,5.0,1.0,1.0,2.0,1.1210204791556933,15.996831893920898;0.9495463967323303;0.019702209159731865;0.0008439537486992776;6.737121293554083e-05,13.573034286499023,4096.0,-0.9734516739845276,0.9737593531608582,,16.966991424560547,5.0,1.0,1.0,2.0,1.1224613669188495,16.375038146972656;0.9837595224380493;0.02024432085454464;0.0009239934734068811;6.977868906687945e-05,13.569968223571777,4096.0,-0.9729700684547424,0.9730119705200195,,17.380035400390625,18432.0,14.0,39.0,66.0,38.22962307072619,3005.9375;2010.594482421875;1793.3369140625;1733.3497314453125;1648.6318359375;1605.508056640625;1508.0782470703125;1376.28173828125,214.5756378173828,960.0,,,,40338.0859375,18432.0,16.0,45.0,90.0,44.392753890597405,475.1247863769531;320.2372131347656;288.550048828125;277.4325866699219;264.72613525390625;256.7002258300781;242.90650939941406;225.44810485839844,107.06443786621094,960.0,,,,7114.55908203125,18432.0,16.0,45.0,90.0,44.392753890597405,475.1247863769531;320.2372131347656;288.550048828125;277.4325866699219;264.72613525390625;256.7002258300781;242.90650939941406;225.44810485839844,107.06443786621094,960.0,,,,7114.55908203125,18432.0,13.0,27.0,61.0,34.34947014681299,605.9981689453125;559.3231201171875;516.9183349609375;489.1646728515625;461.8141174316406;456.4170227050781;429.11285400390625;393.30987548828125,150.95730590820312,960.0,,,,10654.73046875,18432.0,16.0,40.0,112.0,45.27829802432588,146.2934112548828;141.86801147460938;124.78958129882812;118.27252197265625;115.51190185546875;109.2061767578125;100.08248138427734;97.88787078857422,86.50799560546875,960.0,,,,3037.471923828125,18432.0,16.0,40.0,112.0,45.27829802432588,146.2934112548828;141.86801147460938;124.78958129882812;118.27252197265625;115.51190185546875;109.2061767578125;100.08248138427734;97.88787078857422,86.50799560546875,960.0,,,,3037.471923828125,18432.0,17.0,54.0,125.0,49.92028421354288,159.69949340820312;154.37045288085938;137.36273193359375;125.48094940185547;124.02418518066406;121.87818908691406;112.43487548828125;101.25617218017578,81.97532653808594,960.0,,,,3441.232177734375,18432.0,14.0,30.0,42.0,22.00379224807272,702.7852783203125;149.6229248046875;126.88369750976562;126.4935531616211;116.13906860351562;116.12895965576172;107.30183410644531;106.62625122070312,62.03377914428711,1920.0,,,,4168.24609375,1.0,1.0,1.0,1.0,0.9999999595387851,8.432780265808105,49.26160430908203,960.0,,,,8.432780265808105,128.0,1.0,1.0,3.0,1.3619126479644657,4.829465866088867;0.4678645730018616;0.2405400276184082;0.04707545414566994;0.03787011653184891;0.021812804043293;0.019390635192394257;0.0042230524122715,22.019330978393555,960.0,,,,5.669918060302734,128.0,1.0,1.0,1.0,1.06951937917766,30.281333923339844;0.5636318922042847;0.21948927640914917;0.12276314944028854;0.0704655572772026;0.023196427151560783;0.01821332611143589;0.008644333109259605,55.91324234008789,960.0,,,,31.322824478149414,1.0,1.0,1.0,1.0,0.9999999813789128,15.375357627868652,37.402000427246094,960.0,,,,15.375357627868652,1.0,1.0,1.0,1.0,0.9999999813789128,15.375357627868652,37.402000427246094,960.0,,,,15.375357627868652,2.0,1.0,2.0,2.0,1.993115095364468,0.020228799432516098;0.01798297092318535,0.0031773042865097523,4096.0,-5.9808517107740045e-05,-0.09178747236728668,,0.03821177035570145,128.0,2.0,2.0,3.0,2.3149577098215524,19.505661010742188;17.809368133544922;3.1585638523101807;2.5149124667223077e-06;1.3718922673433553e-06;8.216792934945261e-07;5.169348469280521e-07;4.7601739083802386e-07,4.32968282699585,4096.0,-0.02358512207865715,0.9304091930389404,,40.473602294921875,128.0,2.0,2.0,5.0,2.892066003507652,11.04926872253418;9.810202598571777;1.6439040899276733;1.0777133703231812;1.0433157682418823;0.678290843963623;0.0588400699198246;0.04482084885239601,5.398775100708008,4096.0,-0.024249034002423286,0.8163999915122986,,25.43784523010254,128.0,2.0,2.0,5.0,2.5519651395397247,4.924976825714111;3.9318878650665283;0.3506566286087036;0.26370492577552795;0.19065086543560028;0.13826218247413635;0.09070104360580444;0.058419812470674515,1.9063682556152344,4096.0,0.016713736578822136,0.8081938624382019,,10.100700378417969,128.0,1.0,2.0,2.0,2.0266843746037275,6.421586990356445;4.763607501983643;0.044811345636844635;0.04169256240129471;0.03617670387029648;0.018909212201833725;0.014204924926161766;0.01191049162298441,0.9652693867683411,4096.0,0.007181229069828987,0.5401608347892761,,11.3831148147583,128.0,1.0,2.0,2.0,2.0203861118620225,6.387744426727295;4.6409831047058105;0.04294145107269287;0.042675670236349106;0.0361003614962101;0.017434213310480118;0.014143927954137325;0.011423543095588684,0.9820513129234314,4096.0,0.02014755643904209,0.5632193684577942,,11.223480224609375,128.0,1.0,2.0,2.0,1.9917170721898707,4.451003074645996;3.9116830825805664;6.798666163376765e-07;4.794514438799524e-07;1.1895373575043777e-07;1.1388874554540962e-07;1.0884532031241179e-07;1.0339164191464079e-07,0.9910046458244324,4096.0,0.0017818702617660165,0.983415961265564,,8.362688064575195,128.0,2.0,2.0,3.0,2.577289463449979,58.78544998168945;49.377010345458984;11.517794609069824;2.9830143451690674;2.1000025272369385;0.0004401354235596955;0.0003471773525234312;0.00023956708901096135,3.354397773742676,4096.0,0.0024969151709228754,0.9596511125564575,,124.764892578125,5.0,1.0,2.0,4.0,2.36364542945337,3.0045223236083984;1.1126046180725098;0.5777374505996704;0.16558033227920532;0.1570190191268921,1.7661861181259155,4096.0,-0.51320481300354,0.4425640106201172,,5.017463684082031,5.0,1.0,2.0,4.0,2.355194585158664,3.0159354209899902;1.1205469369888306;0.5682860016822815;0.1680387705564499;0.153352290391922,1.806056022644043,4096.0,-0.5158678293228149,0.4493631422519684,,5.026159286499023,4.0,13.0,10.0,
20,0.001,../results/tables/newest/N20_omega0.001 (1).json,1768637892.2584908,unique,bf.node_embed;bf.node_update.0;bf.node_update.2;bf.node_update.4;bf.node_update;bf.__out__;bf.edge_embed.0;bf.edge_embed.2;bf.edge_embed;bf.rho_v_to_e;bf.edge_update.0;bf.edge_update.2;bf.edge_update;bf.rho_e_to_v,27.0,bf.rho_v_to_e;bf.rho_e_to_v;f_net.rho.0;f_net.rho.2;f_net.rho.4;f_net.rho,10,4,4,../results/models/20p/w_00/backflowCTNN_001.pt,../results/models/20p/w_00,../results/models/20p/w_00/f_netCTNN_001.pt,../results/models,,w_00,,20,10,4,4,192,20,48,10.0,4096,4096,60,4096,96,70,1.2,0.02,0.08,0,cuda,torch.float64,0.5;0.8;0.95,1768248796.9468377,0.001,cuda,torch.float64,CTNN,True,../results/models/20p/w_00/backflowCTNN_001.pt,../results/models/20p/w_00,../results/models/20p/w_00/f_netCTNN_001.pt,128.0,1.0,1.0,1.0,1.000014292221237,0.00144634407479316;9.935626543722265e-09;2.4455859559679993e-10;6.10457379091045e-11;3.744640708625013e-11;3.0419979035745115e-11;2.230244634804368e-11;1.7615079533905842e-11,5.641280174255371,4096.0,-0.9564500451087952,-0.9572243094444275,,0.0014463544357568026,128.0,1.0,1.0,1.0,1.0000435822779998,0.7197736501693726;1.5470757716684602e-05;4.5937838422105415e-08;3.0320872923539355e-08;1.872324517648849e-08;1.6291455295913693e-08;1.29201005449886e-08;1.049279063636277e-08,124.4225845336914,4096.0,-0.9553086757659912,-0.9552951455116272,,0.7197893261909485,5.0,1.0,1.0,1.0,1.0124581039574638,0.7951419353485107;0.004953035153448582;1.0641858239068824e-07;5.064915598040898e-08;0.0,186.89794921875,4096.0,-0.9813066124916077,0.9827865958213806,,0.8000951409339905,5.0,1.0,1.0,1.0,1.0122003512706599,0.7632951736450195;0.004656340926885605;1.0110731807344564e-07;2.4939461606976465e-09;0.0,186.86619567871094,4096.0,-0.9807024598121643,0.9827697277069092,,0.7679516077041626,51200.0,18.0,40.0,88.0,49.90242066169842,82.75596618652344;76.89907836914062;70.81861877441406;67.82745361328125;67.5314712524414;62.236751556396484;60.96045684814453;59.17605972290039,73.32381439208984,960.0,,,,2015.2275390625,51200.0,23.0,57.0,146.0,66.16013668716029,1823.202392578125;1621.204345703125;1566.930419921875;1535.126953125;1474.0985107421875;1384.23876953125;1312.0767822265625;1293.4893798828125,242.07373046875,960.0,,,,52418.296875,51200.0,23.0,57.0,146.0,66.16013668716029,1823.202392578125;1621.204345703125;1566.930419921875;1535.126953125;1474.0985107421875;1384.23876953125;1312.0767822265625;1293.4893798828125,242.07373046875,960.0,,,,52418.296875,51200.0,21.0,58.0,149.0,62.64904909161066,736.765869140625;699.38916015625;661.5263671875;637.3018188476562;618.515625;591.4804077148438;579.2560424804688;557.556640625,313.6546325683594,960.0,,,,20931.30859375,51200.0,28.0,89.0,204.0,77.17305292992003,5672.2763671875;2878.213623046875;2768.023193359375;2578.271728515625;2549.44677734375;2410.361572265625;2335.114013671875;2164.34326171875,978.3353881835938,960.0,,,,106216.859375,51200.0,28.0,89.0,204.0,77.17305292992003,5672.2763671875;2878.213623046875;2768.023193359375;2578.271728515625;2549.44677734375;2410.361572265625;2335.114013671875;2164.34326171875,978.3353881835938,960.0,,,,106216.859375,51200.0,25.0,76.0,172.0,70.07992787684533,9257.7158203125;4959.3623046875;4799.3056640625;4678.0283203125;4483.3359375;4162.0634765625;4084.504150390625;4039.009521484375,1255.1729736328125,960.0,,,,179181.34375,51200.0,1.0,12.0,52.0,1.8744311251406127,1327.04931640625;17.04663848876953;13.903034210205078;12.558176040649414;12.375460624694824;12.084134101867676;12.020904541015625;11.808557510375977,101.25801086425781,1920.0,,,,1818.864501953125,1.0,1.0,1.0,1.0,1.0000000237416662,25.477642059326172,13.505329132080078,960.0,,,,25.477642059326172,128.0,1.0,1.0,3.0,1.4286810189749497,0.5788126587867737;0.07490376383066177;0.044613827019929886;0.0007992159808054566;0.0004959715879522264;1.6231391782639548e-05;2.655241587490309e-06;3.367667886777781e-07,8.16571044921875,960.0,,,,0.6996450424194336,128.0,1.0,1.0,3.0,1.354810590473671,186.7177734375;21.077526092529297;11.16772174835205;0.1190788671374321;0.009626055136322975;0.005364812910556793;0.0008073174394667149;0.0005037561641074717,154.95167541503906,960.0,,,,219.09896850585938,1.0,1.0,1.0,1.0,0.9999999495320036,23.223194122314453,11.596117973327637,960.0,,,,23.223194122314453,1.0,1.0,1.0,1.0,0.9999999495320036,23.223194122314453,11.596117973327637,960.0,,,,23.223194122314453,2.0,1.0,1.0,2.0,1.3727973273995675,0.013406477868556976;0.0025923887733370066,0.002136604394763708,4096.0,0.2620634138584137,0.28111714124679565,,0.01599886640906334,128.0,1.0,2.0,3.0,2.237975913306071,2.819157123565674;0.9550425410270691;0.8613490462303162;2.2477145478205784e-07;1.0432901831336494e-07;8.117211081071218e-08;7.054218542634771e-08;6.1748593793709e-08,4.298303604125977,4096.0,-0.010408163070678711,0.29195332527160645,,4.635549545288086,128.0,1.0,1.0,2.0,1.4803368640480532,581.2861328125;129.08901977539062;8.229898452758789;4.227910041809082;1.2089838981628418;0.21506527066230774;0.16758467257022858;0.07827481627464294,129.61880493164062,4096.0,-0.6006094813346863,-0.774728536605835,,724.5643920898438,128.0,1.0,1.0,3.0,1.5045661187869888,6587.71484375;1121.6715087890625;259.5814208984375;111.76112365722656;63.62181091308594;31.575881958007812;11.36721420288086;6.287693977355957,384.03790283203125,4096.0,-0.5038426518440247,-0.6036549806594849,,8204.642578125,128.0,1.0,1.0,1.0,1.0329616585999817,327669.78125;4170.2197265625;751.2225341796875;274.57904052734375;95.42134094238281;42.95319366455078;30.288599014282227;8.936460494995117,1431.90087890625,4096.0,-0.5562417507171631,-0.551590085029602,,333054.25,128.0,1.0,1.0,1.0,1.0332117367626932,333556.1875;4211.1630859375;837.7730712890625;276.8912353515625;100.40733337402344;44.6348762512207;30.583688735961914;8.938827514648438,1428.796142578125,4096.0,-0.533053994178772,-0.5270504951477051,,339078.15625,128.0,1.0,2.0,2.0,1.9818482242531905,0.16949737071990967;0.13988761603832245;1.668271742971683e-08;1.2564475682097509e-08;4.681265597383799e-09;3.823815930559249e-09;3.489972755232884e-09;3.3387728137768136e-09,1.3240739107131958,4096.0,-0.006350080948323011,0.5510594844818115,,0.3093850612640381,128.0,1.0,2.0,2.0,1.9333785044984202,7.178555965423584;4.757187843322754;0.027743853628635406;0.0058208187110722065;0.005069938488304615;9.964662694983417e-07;5.412779273683554e-07;2.799395701913454e-07,12.194087982177734,4096.0,-0.010827511548995972,0.2622435688972473,,11.974380493164062,5.0,1.0,2.0,2.0,1.685426621751205,0.5361709594726562;0.17315399646759033;0.017581885680556297;0.004928781650960445;2.517417487979401e-05,4.170301914215088,4096.0,-0.0712784007191658,0.16417093575000763,,0.7318607568740845,5.0,1.0,2.0,2.0,1.7183985531896688,0.5332525968551636;0.1794344037771225;0.020326049998402596;0.005009504035115242;2.940975537057966e-05,4.145082950592041,4096.0,-0.01954011060297489,0.12410443276166916,,0.7380520105361938,4.0,13.0,10.0,
20,0.01,../results/tables/newest/N20_omega0.01.json,1768637892.2632034,unique,bf.node_embed;bf.node_update.0;bf.node_update.2;bf.node_update.4;bf.node_update;bf.__out__;bf.edge_embed.0;bf.edge_embed.2;bf.edge_embed;bf.rho_v_to_e;bf.edge_update.0;bf.edge_update.2;bf.edge_update;bf.rho_e_to_v,27.0,bf.rho_v_to_e;bf.rho_e_to_v;f_net.rho.0;f_net.rho.2;f_net.rho.4;f_net.rho,10,4,4,../results/models/20p/w_00/backflowCTNN_01.pt,../results/models/20p/w_00,../results/models/20p/w_00/f_netCTNN_01.pt,../results/models,,w_00,,20,10,4,4,192,20,48,10.0,4096,4096,60,4096,96,70,1.2,0.02,0.08,0,cuda,torch.float64,0.5;0.8;0.95,1768347962.7914813,0.01,cuda,torch.float64,CTNN,True,../results/models/20p/w_00/backflowCTNN_01.pt,../results/models/20p/w_00,../results/models/20p/w_00/f_netCTNN_01.pt,128.0,1.0,1.0,1.0,1.0313629572820444,3.7570059299468994;0.05872773379087448;0.00016280384443234652;3.445941547397524e-05;4.510607709562464e-07;9.716486459865337e-08;8.711636922953403e-08;7.452986494627112e-08,6.312675952911377,4096.0,0.9705601334571838,-0.9546621441841125,,3.815932512283325,128.0,1.0,1.0,1.0,1.0127818269468576,736.402099609375;4.69617223739624;0.006483529694378376;0.0031581262592226267;0.00035017053596675396;5.0028185796691105e-05;2.229435631306842e-05;1.8724413166637532e-05,103.24332427978516,4096.0,-0.9794216752052307,-0.9804979562759399,,741.1085205078125,5.0,1.0,1.0,1.0,1.0007615617907415,1319.4879150390625;0.4736262857913971;0.018040943890810013;0.009539898484945297;0.0011956961825489998,131.0778045654297,4096.0,-0.9652770757675171,-0.9653075933456421,,1319.9903564453125,5.0,1.0,1.0,1.0,1.0007493954191187,1330.48876953125;0.4719902575016022;0.016937486827373505;0.008287113159894943;0.0012304955162107944,131.1830291748047,4096.0,-0.9698242545127869,-0.9698402285575867,,1330.9873046875,51200.0,20.0,58.0,114.0,53.694157915292614,4076.9716796875;2121.0849609375;2093.98095703125;1956.517333984375;1833.6944580078125;1753.1317138671875;1679.98291015625;1545.983642578125,252.83035278320312,960.0,,,,60577.66015625,51200.0,34.0,97.0,188.0,91.3760316802436,1954.7918701171875;966.265869140625;945.7827758789062;939.6504516601562;866.3934936523438;837.631591796875;791.194580078125;761.1903686523438,208.16497802734375,960.0,,,,42189.59765625,51200.0,34.0,97.0,188.0,91.3760316802436,1954.7918701171875;966.265869140625;945.7827758789062;939.6504516601562;866.3934936523438;837.631591796875;791.194580078125;761.1903686523438,208.16497802734375,960.0,,,,42189.59765625,51200.0,25.0,67.0,158.0,73.94690678781491,1068.75927734375;860.5242309570312;820.9094848632812;760.51708984375;739.8112182617188;709.6362915039062;697.2374877929688;649.7479248046875,290.06890869140625,960.0,,,,29851.60546875,51200.0,36.0,106.0,225.0,103.5622354213899,4103.04296875;3707.0546875;3529.700927734375;3190.976806640625;3091.824951171875;3023.571044921875;2939.64208984375;2783.531982421875,441.0476989746094,960.0,,,,150941.65625,51200.0,36.0,106.0,225.0,103.5622354213899,4103.04296875;3707.0546875;3529.700927734375;3190.976806640625;3091.824951171875;3023.571044921875;2939.64208984375;2783.531982421875,441.0476989746094,960.0,,,,150941.65625,51200.0,26.0,91.0,199.0,80.25592883872677,6420.05712890625;6327.4873046875;5745.056640625;5445.0927734375;5346.91552734375;5128.916015625;4898.93115234375;4801.45068359375,374.9704284667969,960.0,,,,207463.640625,51200.0,10.0,38.0,64.0,7.1997723444567425,2594.945556640625;153.19256591796875;121.08811950683594;118.90774536132812;116.92568969726562;114.57670593261719;111.8286361694336;107.4185791015625,112.31808471679688,1920.0,,,,7134.12841796875,1.0,1.0,1.0,1.0,0.999999970498405,2492.12646484375,415.8025817871094,960.0,,,,2492.12646484375,128.0,1.0,1.0,1.0,1.031116200909054,43.52116394042969;0.36429363489151;0.20531608164310455;0.0682300329208374;0.02888745814561844;0.006432772614061832;0.0006095932913012803;0.00013997487258166075,52.17695617675781,960.0,,,,44.195186614990234,128.0,1.0,1.0,1.0,1.0388582405424953,3033.47119140625;54.995887756347656;3.2191436290740967;0.3690490126609802;0.14042159914970398;0.1089128777384758;0.024369824677705765;0.012667007744312286,486.43646240234375,960.0,,,,3092.35693359375,1.0,1.0,1.0,1.0,1.0000000257501622,2549.757080078125,414.0727233886719,960.0,,,,2549.757080078125,1.0,1.0,1.0,1.0,1.0000000257501622,2549.757080078125,414.0727233886719,960.0,,,,2549.757080078125,2.0,1.0,1.0,2.0,1.4402300001664585,0.1541929841041565;0.03576633334159851,0.009489552117884159,4096.0,-0.08871474862098694,0.11509469151496887,,0.189959317445755,128.0,2.0,2.0,3.0,2.584901595682479,10.292045593261719;9.84053897857666;3.4074461460113525;8.229556556216266e-07;7.070353831295506e-07;5.234491027295007e-07;2.982901037285046e-07;2.749604277596518e-07,4.355483055114746,4096.0,0.0007332345703616738,0.8680239915847778,,23.540037155151367,128.0,1.0,2.0,2.0,1.9201839364682707,622.2380981445312;336.4713439941406;12.420045852661133;4.12713623046875;1.9118682146072388;1.4508758783340454;1.067304015159607;0.4560643136501312,9.943859100341797,4096.0,-0.01974130980670452,0.3585605025291443,,980.4027709960938,128.0,1.0,2.0,4.0,2.5671098473726706,1362.9901123046875;702.6661376953125;257.4014892578125;65.85419464111328;43.23444366455078;23.655017852783203;17.57211685180664;4.835931777954102,46.19021224975586,4096.0,-0.08812206238508224,0.3267381489276886,,2494.97802734375,128.0,1.0,1.0,1.0,1.0540755846554288,124552.4453125;2954.3984375;307.48150634765625;45.514404296875;23.134719848632812;9.49821662902832;5.999215126037598;3.863492727279663,341.8137512207031,4096.0,-0.014017567038536072,0.040277592837810516,,127912.1015625,128.0,1.0,1.0,1.0,1.0547483412907783,123144.296875;2954.0302734375;310.6585388183594;45.774017333984375;23.235511779785156;9.76167106628418;5.801153182983398;3.8631508350372314,343.18914794921875,4096.0,-0.011611338704824448,0.039086803793907166,,126507.1484375,128.0,1.0,2.0,2.0,1.994239546957142,1.8638501167297363;1.6737123727798462;1.8294177550615132e-07;1.459246590229668e-07;5.180550743943968e-08;4.828122612821062e-08;4.324676083911072e-08;4.0300943027204994e-08,1.2736940383911133,4096.0,0.0067520542070269585,0.9324818253517151,,3.5375630855560303,128.0,1.0,2.0,2.0,2.1134013904169193,64.99676513671875;54.29622268676758;2.7156968116760254;0.6681935787200928;0.5128034353256226;0.00016270417836494744;7.570300658699125e-05;4.6098968596197665e-05,13.004228591918945,4096.0,0.01884792558848858,0.8764053583145142,,123.19007110595703,5.0,1.0,2.0,3.0,2.500780876889532,3.4445464611053467;1.5509989261627197;1.083815574645996;0.1362123340368271;0.0030575029086321592,8.636337280273438,4096.0,-0.798292875289917,0.7249174118041992,,6.218630790710449,5.0,1.0,2.0,3.0,2.520708182399321,3.3727989196777344;1.6062655448913574;1.0450557470321655;0.13552141189575195;0.0029827116522938013,8.641950607299805,4096.0,-0.8067736625671387,0.7280905246734619,,6.162624359130859,4.0,13.0,10.0,
20,0.1,../results/tables/newest/N20_omega0.1.json,1768637892.2669988,unique,bf.node_embed;bf.node_update.0;bf.node_update.2;bf.node_update.4;bf.node_update;bf.__out__;bf.edge_embed.0;bf.edge_embed.2;bf.edge_embed;bf.rho_v_to_e;bf.edge_update.0;bf.edge_update.2;bf.edge_update;bf.rho_e_to_v,27.0,bf.rho_v_to_e;bf.rho_e_to_v;f_net.rho.0;f_net.rho.2;f_net.rho.4;f_net.rho,10,4,4,../results/models/20p/w_01/backflowCTNN.pt,../results/models/20p/w_01,../results/models/20p/w_01/f_netCTNN.pt,../results/models,,w_01,,20,10,4,4,192,20,48,10.0,4096,4096,60,4096,96,70,1.2,0.02,0.08,0,cuda,torch.float64,0.5;0.8;0.95,1768451762.7401204,0.1,cuda,torch.float64,CTNN,True,../results/models/20p/w_01/backflowCTNN.pt,../results/models/20p/w_01,../results/models/20p/w_01/f_netCTNN.pt,128.0,1.0,2.0,2.0,1.6795274709770924,1.7520302534103394;0.6121297478675842;0.04046168550848961;0.0011134784435853362;6.282390359046985e-07;1.6394683655107656e-07;1.466091248403245e-07;1.142247398888685e-07,4.544957160949707,4096.0,-0.9039642810821533,0.468252956867218,,2.4057369232177734,128.0,1.0,2.0,2.0,1.5017096335193498,59.470279693603516;15.186476707458496;0.3234562873840332;0.23394832015037537;0.0032961296383291483;0.00016042316565290093;1.2337455700617284e-05;3.9933765947353095e-06,55.15610885620117,4096.0,0.7190991640090942,-0.5415034890174866,,75.2176513671875,5.0,1.0,1.0,1.0,1.088438664931645,51.20783996582031;2.2217984199523926;0.04005555063486099;0.004236835520714521;0.0005999315762892365,62.57688522338867,4096.0,0.6983416080474854,-0.6978884935379028,,53.47452926635742,5.0,1.0,1.0,1.0,1.0816580543010124,55.61349105834961;2.2213337421417236;0.04578286409378052;0.004483103286474943;0.0006342733977362514,62.75717544555664,4096.0,-0.6990397572517395,-0.6998407244682312,,57.88572311401367,51200.0,23.0,63.0,117.0,65.24798638484626,2942.76171875;2241.912353515625;2232.58447265625;2014.3154296875;1929.1033935546875;1868.3880615234375;1774.427978515625;1722.4683837890625,276.0730895996094,960.0,,,,68645.984375,51200.0,34.0,92.0,176.0,97.41771864485197,707.9283447265625;596.706298828125;580.5206298828125;566.0189819335938;521.3338012695312;515.9854736328125;507.2354736328125;477.8468017578125,188.50540161132812,960.0,,,,25919.2109375,51200.0,34.0,92.0,176.0,97.41771864485197,707.9283447265625;596.706298828125;580.5206298828125;566.0189819335938;521.3338012695312;515.9854736328125;507.2354736328125;477.8468017578125,188.50540161132812,960.0,,,,25919.2109375,51200.0,21.0,51.0,128.0,60.80377942873992,990.7196655273438;958.7504272460938;884.6881103515625;834.9295654296875;795.7809448242188;782.2898559570312;733.6588134765625;727.763916015625,273.51593017578125,960.0,,,,28216.8203125,51200.0,46.0,119.0,221.0,131.28771078125644,509.11566162109375;499.3329162597656;477.4982604980469;446.4147033691406;430.00445556640625;424.546630859375;420.1104431152344;399.0281982421875,170.40428161621094,960.0,,,,26940.734375,51200.0,46.0,119.0,221.0,131.28771078125644,509.11566162109375;499.3329162597656;477.4982604980469;446.4147033691406;430.00445556640625;424.546630859375;420.1104431152344;399.0281982421875,170.40428161621094,960.0,,,,26940.734375,51200.0,44.0,115.0,212.0,124.6871623183934,817.9673461914062;785.067138671875;722.63330078125;717.0245361328125;678.920166015625;650.8829956054688;644.7150268554688;630.567138671875,165.77642822265625,960.0,,,,39503.6171875,51200.0,14.0,43.0,67.0,10.433337487181644,2750.6162109375;170.68923950195312;167.6970977783203;162.5827178955078;160.96766662597656;157.72964477539062;148.8728485107422;148.27320861816406,112.42518615722656,1920.0,,,,9263.3916015625,1.0,1.0,1.0,1.0,0.999999984312553,304.46405029296875,379.7161560058594,960.0,,,,304.46405029296875,128.0,1.0,1.0,1.0,1.0355812681130678,17.581729888916016;0.14764119684696198;0.08760948479175568;0.03654831647872925;0.022776788100600243;0.010146206244826317;0.004021579399704933;0.0015226833056658506,93.7242431640625,960.0,,,,17.892696380615234,128.0,1.0,1.0,1.0,1.015115902168993,371.710205078125;2.3702120780944824;0.26222699880599976;0.11476066708564758;0.03305191919207573;0.01522107981145382;0.0052211470901966095;0.0022327606566250324,420.4265441894531,960.0,,,,374.5167541503906,1.0,1.0,1.0,1.0,0.9999999828929128,363.48443603515625,369.10528564453125,960.0,,,,363.48443603515625,1.0,1.0,1.0,1.0,0.9999999828929128,363.48443603515625,369.10528564453125,960.0,,,,363.48443603515625,2.0,1.0,2.0,2.0,1.9987432589435594,0.1480032205581665;0.14076203107833862,0.0017000881489366293,4096.0,0.04337366297841072,0.08648849278688431,,0.2887652516365051,128.0,2.0,2.0,3.0,2.491590751755668,13.058990478515625;11.645886421203613;3.444728136062622;1.4072828662392567e-06;1.1727330502253608e-06;6.093685556152195e-07;3.297163289062155e-07;3.2029041108216916e-07,4.36592960357666,4096.0,-0.016972891986370087,0.8849552869796753,,28.149612426757812,128.0,1.0,2.0,3.0,2.2323951367503962,63.210262298583984;54.947296142578125;2.2505476474761963;1.940204381942749;1.4548828601837158;1.0082616806030273;0.23565135896205902;0.09077766537666321,7.724980354309082,4096.0,0.04821643605828285,0.32247865200042725,,125.24588012695312,128.0,2.0,2.0,4.0,2.68097143216783,55.854854583740234;53.246360778808594;7.505208969116211;6.186001300811768;1.449904203414917;0.9062634110450745;0.7522137761116028;0.3913339376449585,4.489605903625488,4096.0,-0.048271484673023224,0.28529152274131775,,127.39199829101562,128.0,1.0,2.0,2.0,1.9486432189973586,605.7929077148438;405.30810546875;3.2069897651672363;1.4790549278259277;0.6112735271453857;0.3877353072166443;0.20960041880607605;0.11849562078714371,5.847191333770752,4096.0,-0.020782897248864174,0.14221222698688507,,1017.4778442382812,128.0,1.0,2.0,2.0,1.9402827343760067,599.8221435546875;391.9842529296875;3.088019847869873;1.5261842012405396;0.6112251281738281;0.3947716951370239;0.21098604798316956;0.11827293783426285,5.64517879486084,4096.0,-0.010042631067335606,0.14801733195781708,,998.1179809570312,128.0,1.0,2.0,2.0,1.996274533533853,2.2127299308776855;2.0294570922851562;2.4317057523148833e-07;1.4278545279466925e-07;6.115050865673766e-08;5.527837743102282e-08;5.407308734106664e-08;5.007020575931165e-08,1.2818074226379395,4096.0,0.00584497069939971,0.9115698933601379,,4.2421875,128.0,1.0,2.0,2.0,2.0377508557949935,413.1197204589844;298.74224853515625;7.194801330566406;5.386408805847168;3.448974609375;0.0011784485541284084;0.0004305922775529325;0.00021947537607047707,20.916162490844727,4096.0,0.043214403092861176,0.8163897395133972,,727.8945922851562,5.0,2.0,3.0,4.0,2.9840916052980555,1.345421552658081;0.8894193172454834;0.4223823547363281;0.20851893723011017;0.03746581822633743,6.111652374267578,4096.0,-0.47942301630973816,0.7026813626289368,,2.903208017349243,5.0,2.0,3.0,4.0,2.980621953874054,1.3153609037399292;0.8650946021080017;0.4050435721874237;0.20750774443149567;0.03702675923705101,6.111240863800049,4096.0,-0.49103304743766785,0.6969096660614014,,2.830033779144287,4.0,13.0,10.0,
